KEGG,smiles,n_electrons,n_carbons,smiles_ph0,charge_ph0,energy_Ha,energy_solv_Ha
C00962,OC[C@H]1O[C@@H](O)[C@H](O)[C@@H](O)[C@H]1O,72,6,OC[C@H]1O[C@@H](O)[C@H](O)[C@@H](O)[C@H]1O,0,-34.6441925874,-34.6441925874
C00230,O=C(O)c1ccc(O)c(O)c1,58,7,OC(=O)c1ccc(O)c(O)c1,0,-27.5119939491,-27.5119939491
C05825,CC(=O)CCC(N)C(=O)O,58,6,CC(=O)CCC([NH3+])C(O)=O,1,-26.8825330839,-26.8825330839
C01035,N=C(N)NCCCC(=O)O,58,5,NC(=[NH2+])NCCCC(O)=O,1,-26.71778808,-26.71778808
C02779,O=C1[C@@H](O)[C@H](O)[C@@H](CO)O[C@H]1O,70,6,OC[C@H]1O[C@@H](O)C(=O)[C@@H](O)[C@@H]1O,0,-33.8817141038,-33.8817141038
C00257,O=C(O)[C@H](O)[C@@H](O)[C@H](O)[C@H](O)CO,78,6,OC[C@@H](O)[C@@H](O)[C@H](O)[C@@H](O)C(O)=O,0,-37.9894564324,-37.9894564324
C00606,N[C@@H](CS(=O)O)C(=O)O,54,3,[NH3+][C@@H](CS(O)=O)C(O)=O,1,-25.9178168518,-25.9178168518
C11036,Brc1ccccc1,36,6,Brc1ccccc1,0,-15.1484196991,-15.1484196991
C05572,NC(=O)C(=O)CCC(=O)O,56,5,NC(=O)C(=O)CCC(O)=O,0,-26.8726167017,-26.8726167017
C06763,OC[C@H]1NC(O)[C@H](O)[C@@H](O)[C@@H]1O,72,6,OC[C@H]1[NH2+]C(O)[C@H](O)[C@@H](O)[C@@H]1O,1,-34.2422931738,-34.2422931738
C05375,O=C(O)C1=CC(O)OC(C(=O)O)=C1,70,7,OC1OC(=CC(=C1)C(O)=O)C(O)=O,0,-34.109020612,-34.109020612
C03277,O=C(O)C(=O)Cc1cnc[nH]1,58,6,OC(=O)C(=O)Cc1c[nH+]c[nH]1,1,-27.3958669394,-27.3958669394
C06814,O=C[C@H](O)[C@@H](O)[C@H](O)COP(=O)(O)O,84,5,O[C@H](COP(O)(O)=O)[C@H](O)[C@@H](O)C=O,0,-40.9259725167,-40.9259725167
C00312,OCC1(O)OC[C@H](O)[C@H]1O,60,5,OCC1(O)OC[C@H](O)[C@H]1O,0,-28.8800305597,-28.8800305597
C00503,OC[C@H](O)[C@H](O)CO,50,4,OC[C@H](O)[C@H](O)CO,0,-23.861451072,-23.861451072
C01020,O=C(O)c1ccc(O)nc1,52,6,OC(=O)c1ccc([O-])[nH+]c1,0,-24.5077946207,-24.5077946207
C02502,Oc1ccccn1,36,5,[O-]c1cccc[nH+]1,0,-16.1474993748,-16.1474993748
C00951,C[C@]12CC[C@@H]3c4ccc(O)cc4CC[C@H]3[C@@H]1CC[C@@H]2O,108,18,C[C@]12CC[C@H]3[C@@H](CCc4cc(O)ccc34)[C@@H]1CC[C@@H]2O,0,-46.5551496182,-46.5551496182
C07327,O=Cc1cccnc1,40,6,O=Cc1ccc[nH+]c1,1,-17.9586136393,-17.9586136393
C10974,CNCCCC=O,42,5,C[NH2+]CCCC=O,1,-18.5246768331,-18.5246768331
C00793,N[C@H](CS)C(=O)O,42,3,[NH3+][C@H](CS)C(O)=O,1,-19.3280979405,-19.3280979405
C05827,Cn1cnc(CC=O)c1,48,6,Cn1c[nH+]c(CC=O)c1,1,-21.5258457434,-21.5258457434
C05161,CC(N)CCC(N)C(=O)O,60,6,CC([NH3+])CCC([NH3+])C(O)=O,2,-27.1187786247,-27.1187786247
C01720,C[C@H](O)[C@@H](O)[C@@H](O)[C@H](O)C(=O)O,72,6,C[C@H](O)[C@@H](O)[C@@H](O)[C@H](O)C(O)=O,0,-34.6786415733,-34.6786415733
C03824,N/C(=C/C=C\C=O)C(=O)O,54,6,[NH3+]\\C(=C\\C=C/C=O)C([O-])=O,0,-25.1717603773,-25.1717603773
C03981,O=C(O)/C=C(\O)C(=O)O,50,4,OC(=O)\\C=C(/O)C(O)=O,0,-24.9320946162,-24.9320946162
C04442,O=C(O)C(=O)C[C@H](O)[C@H](O)COP(=O)(O)O,94,6,O[C@H](COP(O)(O)=O)[C@@H](O)CC(=O)C(O)=O,0,-45.9793615383,-45.9793615383
C03064,O=C(O)[C@H](O)C(=O)CO,52,4,OCC(=O)[C@@H](O)C(O)=O,0,-25.667013584,-25.667013584
C02810,O=P(O)(O)OCC(O)C(O)C(O)C(O)CO,98,6,OCC(O)C(O)C(O)C(O)COP(O)(O)=O,0,-47.4756767484,-47.4756767484
C02652,O=C(O)C1=C[C@@H](O)[C@@H](O)C(=O)C1,66,7,O[C@@H]1C=C(CC(=O)[C@@H]1O)C(O)=O,0,-31.5521807727,-31.5521807727
C03500,CCOC(=O)CC(C)=O,52,6,CCOC(=O)CC(C)=O,0,-24.0041858178,-24.0041858178
C00719,C[N+](C)(C)CC(=O)[O-],48,5,C[N+](C)(C)CC(O)=O,1,-21.8603361378,-21.8603361378
C00156,O=C(O)c1ccc(O)cc1,52,7,OC(=O)c1ccc(O)cc1,0,-24.2031103894,-24.2031103894
C06730,Cc1ccc(O)c(O)c1,48,7,Cc1ccc(O)c(O)c1,0,-21.6301337493,-21.6301337493
C02669,O=C1O[C@H](CO)[C@H](O)[C@H](O)[C@H]1O,70,6,OC[C@H]1OC(=O)[C@H](O)[C@@H](O)[C@H]1O,0,-33.9031708881,-33.9031708881
C01825,OC[C@@H]1OC(O)[C@@H](O)[C@H](O)[C@@H]1O,72,6,OC[C@@H]1OC(O)[C@@H](O)[C@H](O)[C@@H]1O,0,-34.6529287023,-34.6529287023
C02486,CC(C)[C@H](N)CC(=O)O,54,6,CC(C)[C@H]([NH3+])CC(O)=O,1,-24.3674862016,-24.3674862016
C03030,O=C(O)c1c[nH]c(=O)[nH]c1=O,58,5,OC(=O)C1=CNC(=O)NC1=O,0,-28.1423405493,-28.1423405493
C02045,O=C(CO)[C@@H](O)CO,48,4,OC[C@H](O)C(=O)CO,0,-23.0864861256,-23.0864861256
C14270,Oc1cccc(Cl)c1,42,6,Oc1cccc(Cl)c1,0,-18.6394221534,-18.6394221534
C14279,O=Cc1ccco1,36,5,O=Cc1ccco1,0,-16.6549240599,-16.6549240599
C00137,O[C@H]1[C@H](O)[C@@H](O)[C@H](O)[C@@H](O)[C@H]1O,72,6,O[C@H]1[C@H](O)[C@@H](O)[C@H](O)[C@H](O)[C@@H]1O,0,-34.6572278893,-34.6572278893
C01987,Nc1ccccc1O,42,6,[NH3+]c1ccccc1O,1,-18.7304409472,-18.7304409472
C17209,O=C1C[C@@H](O)[C@H](O)[C@@H](O)[C@@H]1O,64,6,O[C@@H]1CC(=O)[C@@H](O)[C@H](O)[C@H]1O,0,-30.5921066659,-30.5921066659
C06159,C[C@@H](O)[C@H](O)CC(=O)C(=O)O,64,6,C[C@@H](O)[C@H](O)CC(=O)C(O)=O,0,-30.6139698061,-30.6139698061
C00233,CC(C)CC(=O)C(=O)O,52,6,CC(C)CC(=O)C(O)=O,0,-24.006799722,-24.006799722
C06611,OC/C=C/Cl,30,3,OC\\C=C\\Cl,0,-13.4709042279,-13.4709042279
C00164,CC(=O)CC(=O)O,40,4,CC(=O)CC(O)=O,0,-19.0706375438,-19.0706375438
C01018,C[C@H]1OC(O)[C@H](O)[C@@H](O)[C@H]1O,66,6,C[C@H]1OC(O)[C@H](O)[C@@H](O)[C@H]1O,0,-31.3477623318,-31.3477623318
C01089,C[C@@H](O)CC(=O)O,42,4,C[C@@H](O)CC(O)=O,0,-19.8257496117,-19.8257496117
C00221,OC[C@H]1O[C@@H](O)[C@H](O)[C@@H](O)[C@@H]1O,72,6,OC[C@H]1O[C@@H](O)[C@H](O)[C@@H](O)[C@@H]1O,0,-34.6533813879,-34.6533813879
C19806,O=C(O)CC(CC(=O)O)C(=O)O,68,6,OC(=O)CC(CC(O)=O)C(O)=O,0,-33.2133831112,-33.2133831112
C00133,C[C@@H](N)C(=O)O,36,3,C[C@@H]([NH3+])C(O)=O,1,-16.9112156816,-16.9112156816
C08262,CC(C)CC(=O)O,42,5,CC(C)CC(O)=O,0,-19.0023662298,-19.0023662298
C03671,O=C(O)c1cc(C(=O)O)oc(=O)c1,68,7,OC(=O)C1=CC(=CC(=O)O1)C(O)=O,0,-33.3712498062,-33.3712498062
C16245,O=C[C@H](O)[C@@H](O)[C@H](O)[C@H](O)C(=O)O,76,6,O[C@@H](C=O)[C@@H](O)[C@H](O)[C@H](O)C(O)=O,0,-37.2204911278,-37.2204911278
C07182,NC(CO)(CO)CO,50,4,[NH3+]C(CO)(CO)CO,1,-23.4482231133,-23.4482231133
C01157,O=C(O)[C@@H]1C[C@@H](O)CN1,52,5,O[C@H]1C[NH2+][C@@H](C1)C(O)=O,1,-24.4025999931,-24.4025999931
C01438,C,8,1,C,0,-3.2326519387,-3.2326519387
C01570,CC(C)C[C@@H](N)C(=O)O,54,6,CC(C)C[C@@H]([NH3+])C(O)=O,1,-24.3421858231,-24.3421858231
C12313,O[C@H]1CCCC[C@H]1O,48,6,O[C@H]1CCCC[C@H]1O,0,-21.4477302533,-21.4477302533
C11465,Nc1c(O)cc(O)cc1C(=O)O,64,7,[NH3+]c1c(O)cc(O)cc1C(O)=O,1,-30.4171925116,-30.4171925116
C03771,N=C(N)NCCCC(=O)C(=O)O,68,6,NC(=[NH2+])NCCCC(=O)C(O)=O,1,-31.7193998958,-31.7193998958
C00031,OC[C@H]1OC(O)[C@H](O)[C@@H](O)[C@@H]1O,72,6,OC[C@H]1OC(O)[C@H](O)[C@@H](O)[C@@H]1O,0,-34.6557530387,-34.6557530387
C03894,CC(O)COP(=O)(O)O,56,3,CC(O)COP(O)(O)=O,0,-26.8409079366,-26.8409079366
C14841,Oc1ccccc1Br,42,6,Oc1ccccc1Br,0,-18.4688689225,-18.4688689225
C16835,O=CCCC=O,34,4,O=CCCC=O,0,-15.717469524,-15.717469524
C06006,CC[C@](O)(C(C)=O)C(=O)O,58,6,CC[C@](O)(C(C)=O)C(O)=O,0,-27.3168538047,-27.3168538047
C06153,O[C@H]1[C@H](O)[C@@H](O)[C@H](O)[C@@H](O)[C@@H]1O,72,6,O[C@H]1[C@H](O)[C@@H](O)[C@H](O)[C@@H](O)[C@@H]1O,0,-34.6664956923,-34.6664956923
C06369,O=P(O)(O)OC[C@H]1OC(O)C[C@@H](O)[C@@H]1O,90,6,OC1C[C@@H](O)[C@H](O)[C@@H](COP(O)(O)=O)O1,0,-43.4065669195,-43.4065669195
C07102,Oc1cc(O)c(Cl)cc1O,54,6,Oc1cc(O)c(Cl)cc1O,0,-25.2623886012,-25.2623886012
C00764,OCC1(O)OC[C@@H](O)[C@H](O)[C@H]1O,72,6,OCC1(O)OC[C@@H](O)[C@H](O)[C@H]1O,0,-34.6530021375,-34.6530021375
C03433,N[C@H]1[C@H](O)[C@@H](N)[C@H](O)[C@@H](O)[C@@H]1OP(=O)(O)O,96,6,[NH3+][C@@H]1[C@@H](O)[C@H]([NH3+])[C@@H](OP(O)(O)=O)[C@H](O)[C@H]1O,2,-45.7530602909,-45.7530602909
C00097,N[C@@H](CS)C(=O)O,42,3,[NH3+][C@@H](CS)C(O)=O,1,-19.3281003253,-19.3281003253
C00966,CC(C)(CO)C(=O)C(=O)O,58,6,CC(C)(CO)C(=O)C(O)=O,0,-27.3043968556,-27.3043968556
C00207,CC(C)=O,24,3,CC(C)=O,0,-10.7218932924,-10.7218932924
C00259,OC1OC[C@H](O)[C@H](O)[C@H]1O,60,5,O[C@H]1COC(O)[C@H](O)[C@H]1O,0,-28.8751544194,-28.8751544194
C00794,OC[C@H](O)[C@@H](O)[C@H](O)[C@H](O)CO,74,6,OC[C@H](O)[C@@H](O)[C@H](O)[C@H](O)CO,0,-35.416065335,-35.416065335
C03066,N[C@H](C(=O)O)C(O)CC(=O)O,64,5,[NH3+][C@@H](C(O)CC(O)=O)C(O)=O,1,-31.0596130483,-31.0596130483
C16590,O=CCCCCCC(=O)O,58,7,OC(=O)CCCCCC=O,0,-26.4731679786,-26.4731679786
C03589,CC(O)CC(=O)C(=O)O,52,5,CC(O)CC(=O)C(O)=O,0,-24.8330668241,-24.8330668241
C00835,C[C@H](O)C(=O)C1=Nc2c(nc(N)[nH]c2=O)NC1,90,9,C[C@H](O)C(=O)C1=NC2=C(NC1)N=C(N)NC2=O,0,-41.4891573216,-41.4891573216
C06144,C#CCC(=O)O,32,4,OC(=O)CC#C,0,-14.9279419689,-14.9279419689
C05585,O=Cc1cc(O)ccc1O,52,7,Oc1ccc(O)c(C=O)c1,0,-24.1734474738,-24.1734474738
C00576,C[N+](C)(C)CC=O,42,5,C[N+](C)(C)CC=O,1,-18.5177483381,-18.5177483381
C00557,O=C1CCCC1,34,5,O=C1CCCC1,0,-14.908132167,-14.908132167
C00253,O=C(O)c1cccnc1,46,6,OC(=O)c1ccc[nH+]c1,1,-21.3028211873,-21.3028211873
C06418,CC[C@@H](C)[C@@H](N)C(=O)O,54,6,CC[C@@H](C)[C@@H]([NH3+])C(O)=O,1,-24.344903187,-24.344903187
C02632,CC(C)C(=O)O,36,4,CC(C)C(O)=O,0,-16.5277618914,-16.5277618914
C17580,N[C@H]1C[C@@H](O)[C@H](O)[C@@H](O)[C@@H]1O,66,6,[NH3+][C@H]1C[C@@H](O)[C@H](O)[C@@H](O)[C@@H]1O,1,-30.9373853729,-30.9373853729
C00109,CCC(=O)C(=O)O,40,4,CCC(=O)C(O)=O,0,-19.0575816099,-19.0575816099
C06990,Clc1ccccc1,36,6,Clc1ccccc1,0,-15.3216474218,-15.3216474218
C00472,O=C1C=CC(=O)C=C1,40,6,O=C1C=CC(=O)C=C1,0,-18.3539640846,-18.3539640846
C06735,NCC=O,24,2,[NH3+]CC=O,1,-11.085937496,-11.085937496
C02457,OCCCO,32,3,OCCCO,0,-14.7739829824,-14.7739829824
C14418,O=[N+]([O-])c1cccc(O)c1,52,6,Oc1cccc(c1)[N+]([O-])=O,0,-24.372279674,-24.372279674
C06007,CC[C@@](C)(O)[C@@H](O)C(=O)O,60,6,CC[C@@](C)(O)[C@@H](O)C(O)=O,0,-28.0845145052,-28.0845145052
C01403,COc1ccccc1,42,7,COc1ccccc1,0,-18.2989531912,-18.2989531912
C00424,C[C@H](O)C=O,30,3,C[C@H](O)C=O,0,-14.0135512206,-14.0135512206
C01013,O=C(O)CCO,36,3,OCCC(O)=O,0,-17.3506954772,-17.3506954772
C02323,OCc1ccccc1O,48,7,OCc1ccccc1O,0,-21.615715196,-21.615715196
C00014,N,8,0,[NH4+],1,-3.6122499887,-3.6122499887
C00546,CC(=O)C=O,28,3,CC(=O)C=O,0,-13.2464275791,-13.2464275791
C11260,CC(N)(CO)CO,44,4,CC([NH3+])(CO)CO,1,-20.1516804999,-20.1516804999
C00159,OC[C@H]1OC(O)[C@@H](O)[C@@H](O)[C@@H]1O,72,6,OC[C@H]1OC(O)[C@@H](O)[C@@H](O)[C@@H]1O,0,-34.6483594732,-34.6483594732
C00618,O=C(O)[C@@H](O)C(=O)[C@H](O)[C@@H](O)CO,76,6,OC[C@H](O)[C@@H](O)C(=O)[C@H](O)C(O)=O,0,-37.2242796124,-37.2242796124
C06601,Oc1ccc(O)c(Cl)c1,48,6,Oc1ccc(O)c(Cl)c1,0,-21.9543012227,-21.9543012227
C01488,O=C[C@H](O)C(O)(CO)CO,60,5,OCC(O)(CO)[C@@H](O)C=O,0,-28.8697512741,-28.8697512741
C05823,O=C(O)[C@@H](O)CS,42,3,O[C@@H](CS)C(O)=O,0,-19.7683265412,-19.7683265412
C00022,CC(=O)C(=O)O,34,3,CC(=O)C(O)=O,0,-16.5839676071,-16.5839676071
C15673,O=C(O)C(=O)[C@@H](O)[C@H](O)[C@@H](O)CO,76,6,OC[C@H](O)[C@@H](O)[C@H](O)C(=O)C(O)=O,0,-37.2161259257,-37.2161259257
C06417,CC(C)[C@@H](N)C(=O)O,48,5,CC(C)[C@@H]([NH3+])C(O)=O,1,-21.8687893119,-21.8687893119
C04181,CC(C)(O)C(=O)C(=O)O,52,5,CC(C)(O)C(=O)C(O)=O,0,-24.8325191048,-24.8325191048
C06813,O=[N+]([O-])c1ccccc1,46,6,[O-][N+](=O)c1ccccc1,0,-21.0550817938,-21.0550817938
C01019,C[C@@H]1OC(O)[C@@H](O)[C@H](O)[C@@H]1O,66,6,C[C@@H]1OC(O)[C@@H](O)[C@H](O)[C@@H]1O,0,-31.3554365249,-31.3554365249
C01015,O=C(O)[C@@H]1C[C@H](O)CN1,52,5,O[C@@H]1C[NH2+][C@@H](C1)C(O)=O,1,-24.4129119326,-24.4129119326
C00067,C=O,12,1,C=O,0,-5.7544030567,-5.7544030567
C19322,Nc1ccc([N+](=O)[O-])cc1O,58,6,[NH3+]c1ccc(cc1O)[N+]([O-])=O,1,-27.2383905465,-27.2383905465
C06473,O=C(O)C(=O)[C@@H](O)[C@H](O)[C@H](O)CO,76,6,OC[C@@H](O)[C@@H](O)[C@H](O)C(=O)C(O)=O,0,-37.2135431565,-37.2135431565
C17211,CSCCCC(=O)C(=O)O,58,6,CSCCCC(=O)C(O)=O,0,-26.422886875,-26.422886875
C06032,C[C@H](C(=O)O)[C@@H](O)C(=O)O,58,5,C[C@@H]([C@@H](O)C(O)=O)C(O)=O,0,-28.1713724555,-28.1713724555
C00084,CC=O,18,2,CC=O,0,-8.237970989,-8.237970989
C05527,O=C(O)C(=O)CS(=O)O,52,3,OC(=O)C(=O)CS(O)=O,0,-25.5855428113,-25.5855428113
C16473,Oc1ccc(F)cc1O,48,6,Oc1ccc(F)cc1O,0,-23.1437372968,-23.1437372968
C00937,C[C@@H](O)C=O,30,3,C[C@@H](O)C=O,0,-14.012709084,-14.012709084
C01188,CC(CO)C(=O)O,42,4,CC(CO)C(O)=O,0,-19.8252009784,-19.8252009784
C06019,O=C([C@H](O)CO)[C@H](O)[C@H](O)COP(=O)(O)O,96,6,OC[C@@H](O)C(=O)[C@H](O)[C@H](O)COP(O)(O)=O,0,-46.7105199273,-46.7105199273
C00407,CC[C@H](C)[C@H](N)C(=O)O,54,6,CC[C@H](C)[C@H]([NH3+])C(O)=O,1,-24.3448764307,-24.3448764307
C00854,OC1CCCCC1,42,6,OC1CCCCC1,0,-18.1427201307,-18.1427201307
C15488,O=CCF,24,2,FCC=O,0,-12.2077396149,-12.2077396149
C08286,N=C(N)NCC[C@@H](O)C[C@H](N)C(=O)O,82,7,NC(=[NH2+])NCC[C@@H](O)C[C@H]([NH3+])C(O)=O,2,-37.7540599576,-37.7540599576
C01719,OC[C@@H]1OC(O)(CO)[C@H](O)[C@H]1O,72,6,OC[C@@H]1OC(O)(CO)[C@H](O)[C@H]1O,0,-34.6462802385,-34.6462802385
C02666,COc1cc(/C=C/C=O)ccc1O,68,10,COc1cc(\\C=C\\C=O)ccc1O,0,-30.7939983441,-30.7939983441
C00682,O=C/C=C\C=C(\O)C(=O)O,54,6,OC(=O)C(\\O)=C/C=C\\C=O,0,-25.7564548382,-25.7564548382
C12849,O=S(=O)(O)c1ccc(O)cc1,60,6,Oc1ccc(cc1)S([O-])(=O)=O,-1,-27.8974982617,-27.8974982617
C04575,O=C(O)C(=O)C(=O)[C@H](O)[C@@H](O)CO,74,6,OC[C@H](O)[C@@H](O)C(=O)C(=O)C(O)=O,0,-36.4413391108,-36.4413391108
C02287,O=C(O)C(O)C(=O)O,46,3,OC(C(O)=O)C(O)=O,0,-23.2164694087,-23.2164694087
C00085,O=P(O)(O)OC[C@H]1OC(O)(CO)[C@@H](O)[C@@H]1O,96,6,OCC1(O)O[C@H](COP(O)(O)=O)[C@@H](O)[C@@H]1O,0,-46.753635651,-46.753635651
C00805,O=C(O)c1ccccc1O,52,7,OC(=O)c1ccccc1O,0,-24.1981355135,-24.1981355135
C02656,O=C(O)CCCCCC(=O)O,64,7,OC(=O)CCCCCC(O)=O,0,-29.8154725532,-29.8154725532
C01012,CC1(C)COC(=O)[C@@H]1O,52,6,CC1(C)COC(=O)[C@@H]1O,0,-23.9956734841,-23.9956734841
C00124,OC[C@H]1OC(O)[C@H](O)[C@@H](O)[C@H]1O,72,6,OC[C@H]1OC(O)[C@H](O)[C@@H](O)[C@H]1O,0,-34.6450294325,-34.6450294325
C03232,O=C(O)C(=O)COP(=O)(O)O,64,3,OC(=O)C(=O)COP(O)(O)=O,0,-31.9401149712,-31.9401149712
C10920,OCC1CO1,30,3,OCC1CO1,0,-13.9644151784,-13.9644151784
C02236,O=C(O)c1ccc(S(=O)(=O)O)cc1,70,7,OC(=O)c1ccc(cc1)S([O-])(=O)=O,-1,-32.9468865345,-32.9468865345
C03383,O=C1O[C@@H]([C@H](O)CO)[C@H](O)[C@H]1O,70,6,OC[C@@H](O)[C@@H]1OC(=O)[C@H](O)[C@H]1O,0,-33.9024579443,-33.9024579443
C17577,O=C1[C@@H](O)[C@H](O)[C@H](O)[C@H](O)[C@H]1O,70,6,O[C@@H]1[C@H](O)[C@@H](O)C(=O)[C@@H](O)[C@@H]1O,0,-33.8848767309,-33.8848767309
C00222,O=CCC(=O)O,34,3,OC(=O)CC=O,0,-16.5829654791,-16.5829654791
C05682,O=C(O)CP(=O)(O)O,48,2,OC(=O)CP(O)(O)=O,0,-23.6363053143,-23.6363053143
C04670,O=C1C[C@@H](C(=O)O)CC[C@@H]1O,62,7,O[C@H]1CC[C@@H](CC1=O)C(O)=O,0,-29.0279900578,-29.0279900578
C02782,O=C(O)C[C@@H](O)[C@H](O)[C@H](O)CO,72,6,OC[C@@H](O)[C@@H](O)[C@H](O)CC(O)=O,0,-34.6823978774,-34.6823978774
C02928,O=C(O)C(=O)[C@@H](O)[C@H](O)CO,64,5,OC[C@@H](O)[C@H](O)C(=O)C(O)=O,0,-31.4419006374,-31.4419006374
C01088,CC(C)(C(=O)O)[C@@H](O)C(=O)O,64,6,CC(C)([C@@H](O)C(O)=O)C(O)=O,0,-30.649778397,-30.649778397
C00632,Nc1c(O)cccc1C(=O)O,58,7,[NH3+]c1c(O)cccc1C(O)=O,1,-27.0961209167,-27.0961209167
C06057,NC[C@H](O)CO,38,3,[NH3+]C[C@H](O)CO,1,-17.6632880873,-17.6632880873
C00197,O=C(O)[C@H](O)COP(=O)(O)O,66,3,O[C@H](COP(O)(O)=O)C(O)=O,0,-32.7152411668,-32.7152411668
C02522,C[C@H]1OC(O)[C@H](O)[C@@H](O)[C@@H]1O,66,6,C[C@H]1OC(O)[C@H](O)[C@@H](O)[C@@H]1O,0,-31.3488707787,-31.3488707787
C12347,O=P(O)(O)OP(=O)(O)OP(=O)(O)OC[C@H]1O[C@@H](O)C[C@@H]1O,126,5,O[C@H]1C[C@H](O)[C@@H](COP(O)(=O)OP(O)(=O)OP(O)(O)=O)O1,0,-61.6944311802,-61.6944311802
C02994,O=C1O[C@@H](CO)[C@@H](O)[C@@H]1O,58,5,OC[C@@H]1OC(=O)[C@@H](O)[C@@H]1O,0,-28.1256871394,-28.1256871394
C01680,C[C@@H](O)[C@H](O)[C@H](O)[C@@H](O)C(=O)O,72,6,C[C@@H](O)[C@H](O)[C@H](O)[C@@H](O)C(O)=O,0,-34.6846514257,-34.6846514257
C05406,O=C(CO)CC(=O)C(=O)O,56,5,OCC(=O)CC(=O)C(O)=O,0,-27.3702661389,-27.3702661389
C02647,N=C(N)NCCCC=O,52,5,NC(=[NH2+])NCCCC=O,1,-23.37140642,-23.37140642
C06030,C[C@H](C(=O)O)C(=O)C(=O)O,56,5,C[C@H](C(O)=O)C(=O)C(O)=O,0,-27.4030657571,-27.4030657571
C09822,O=C(O)C1CCCCC1,52,7,OC(=O)C1CCCCC1,0,-23.1899646854,-23.1899646854
C14858,O=CC(Cl)Cl,30,2,ClC(Cl)C=O,0,-13.8028062612,-13.8028062612
C00108,Nc1ccccc1C(=O)O,52,7,[NH3+]c1ccccc1C(O)=O,1,-23.7717793127,-23.7717793127
C03134,CN(C)C=O,30,3,CN(C)C=O,0,-13.4814869521,-13.4814869521
C01179,O=C(O)C(=O)Cc1ccc(O)cc1,68,9,OC(=O)C(=O)Cc1ccc(O)cc1,0,-31.6738316418,-31.6738316418
C04324,O=C(O)/C=C(\C=C(\O)C(=O)O)C(=O)O,76,7,OC(=O)\\C=C(/C=C(/O)C(O)=O)\\C(O)=O,0,-37.4457216329,-37.4457216329
C11505,C=CC,18,3,CC=C,0,-7.3809360207,-7.3809360207
C05936,CC(=O)NCCCC=O,52,6,CC(=O)NCCCC=O,0,-23.4555972653,-23.4555972653
C00741,CC(=O)C(C)=O,34,4,CC(=O)C(C)=O,0,-15.7313754975,-15.7313754975
C02170,CC(C(=O)O)C(=O)O,46,4,CC(C(O)=O)C(O)=O,0,-22.3980685812,-22.3980685812
C03153,CNC(=O)CC[C@H](N)C(=O)O,64,6,CNC(=O)CC[C@H]([NH3+])C(O)=O,1,-29.6659118963,-29.6659118963
C06146,C#CCCO,28,4,OCCC#C,0,-12.3541871968,-12.3541871968
C16588,O=C(O)CCCCC(=O)C(=O)O,68,7,OC(=O)CCCCC(=O)C(O)=O,0,-32.3454094122,-32.3454094122
C00199,O=C(CO)[C@H](O)[C@H](O)COP(=O)(O)O,84,5,OCC(=O)[C@H](O)[C@H](O)COP(O)(O)=O,0,-40.9375489415,-40.9375489415
C00661,O=CC(O)COP(=O)(O)O,60,3,OC(COP(O)(O)=O)C=O,0,-29.3718591133,-29.3718591133
C05382,O=C(CO)[C@@H](O)[C@H](O)[C@H](O)[C@H](O)COP(=O)(O)O,108,7,OCC(=O)[C@@H](O)[C@H](O)[C@H](O)[C@H](O)COP(O)(O)=O,0,-52.4918101301,-52.4918101301
C00672,O=P(O)(O)O[C@@H]1C[C@H](O)[C@@H](CO)O1,78,5,OC[C@H]1O[C@@H](C[C@@H]1O)OP(O)(O)=O,0,-37.6390547621,-37.6390547621
C17467,OCc1ccc(O)cc1,48,7,OCc1ccc(O)cc1,0,-21.6190001948,-21.6190001948
C05123,O=S(=O)(O)CCO,44,2,OCCS([O-])(=O)=O,-1,-21.0520954878,-21.0520954878
C11272,Fc1ccccc1,36,6,Fc1ccccc1,0,-16.5203379757,-16.5203379757
C00134,NCCCCN,38,4,[NH3+]CCCC[NH3+],2,-16.2951584287,-16.2951584287
C03088,O=c1[nH]cc(CO)c(=O)[nH]1,54,5,OCC1=CNC(=O)NC1=O,0,-25.5732646108,-25.5732646108
C03177,N[C@H]1[C@H](O)[C@@H](N)[C@H](O)[C@@H](OP(=O)(O)O)[C@@H]1O,96,6,[NH3+][C@H]1[C@H](O)[C@@H]([NH3+])[C@H](O)[C@@H](OP(O)(O)=O)[C@@H]1O,2,-45.757793373,-45.757793373
C01467,Cc1cccc(O)c1,42,7,Cc1cccc(O)c1,0,-18.3221647071,-18.3221647071
C02798,O=C(O)C(=O)CP(=O)(O)O,58,3,OC(=O)C(=O)CP(O)(O)=O,0,-28.6467698,-28.6467698
C06008,CC[C@@H](C)C(=O)C(=O)O,52,6,CC[C@@H](C)C(=O)C(O)=O,0,-24.0056151274,-24.0056151274
C00493,O=C(O)C1=C[C@@H](O)[C@@H](O)[C@H](O)C1,68,7,O[C@@H]1CC(=C[C@@H](O)[C@H]1O)C(O)=O,0,-32.3183989203,-32.3183989203
C01877,O=C1CN[C@H](C(=O)O)C1,50,5,OC(=O)[C@@H]1CC(=O)C[NH2+]1,1,-23.6349802611,-23.6349802611
C00218,CN,14,1,C[NH3+],1,-6.0929007322,-6.0929007322
C06312,O=P(O)(O)OC[C@@H]1OC(O)(CO)[C@H](O)[C@@H]1O,96,6,OCC1(O)O[C@@H](COP(O)(O)=O)[C@@H](O)[C@H]1O,0,-46.7240801101,-46.7240801101
C13240,CCOCC,32,4,CCOCC,0,-13.9370569583,-13.9370569583
C03393,O=C(O)[C@H](O)[C@H](O)COP(=O)(O)O,78,4,O[C@H](COP(O)(O)=O)[C@@H](O)C(O)=O,0,-38.496351971,-38.496351971
C15025,C[N+](C)(C)C[C@@H](O)CC(=O)[O-],66,7,C[N+](C)(C)C[C@@H](O)CC(O)=O,1,-30.1179067899,-30.1179067899
C01904,OC[C@@H](O)C(O)[C@H](O)CO,62,5,OC[C@@H](O)C(O)[C@H](O)CO,0,-29.6374077402,-29.6374077402
C03044,C[C@@H](O)[C@@H](C)O,38,4,C[C@@H](O)[C@@H](C)O,0,-17.258134554,-17.258134554
C04053,O=C[C@H](O)[C@@H](O)CC(=O)C(=O)O,68,6,O[C@@H](CC(=O)C(O)=O)[C@@H](O)C=O,0,-33.1415071774,-33.1415071774
C17581,N[C@H]1CC(=O)[C@H](O)[C@@H](O)[C@@H]1O,64,6,[NH3+][C@H]1CC(=O)[C@H](O)[C@@H](O)[C@@H]1O,1,-30.1673136522,-30.1673136522
C00818,O=C(O)[C@@H](O)[C@@H](O)[C@H](O)[C@@H](O)C(=O)O,82,6,O[C@@H]([C@H](O)[C@@H](O)C(O)=O)[C@H](O)C(O)=O,0,-40.5671600582,-40.5671600582
C05528,O=C(O)C(=O)CS(=O)(=O)O,58,3,OC(=O)C(=O)CS([O-])(=O)=O,-1,-28.6497157751,-28.6497157751
C03817,O=C(O)[C@@H](O)Cc1cnc[nH]1,60,6,O[C@@H](Cc1c[nH+]c[nH]1)C(O)=O,1,-28.1694751707,-28.1694751707
C00141,CC(C)C(=O)C(=O)O,46,5,CC(C)C(=O)C(O)=O,0,-21.5306836626,-21.5306836626
C00817,O=C(O)[C@@H](O)[C@H](O)[C@H](O)[C@H](O)CO,78,6,OC[C@@H](O)[C@@H](O)[C@@H](O)[C@H](O)C(O)=O,0,-37.9905508344,-37.9905508344
C01180,CSCCC(=O)C(=O)O,52,5,CSCCC(=O)C(O)=O,0,-23.9488611588,-23.9488611588
C01845,CC(C)O,26,3,CC(C)O,0,-11.4799702609,-11.4799702609
C14448,O=CC=O,22,2,O=CC=O,0,-10.7614652854,-10.7614652854
C14843,Oc1ccc(Br)cc1O,48,6,Oc1ccc(Br)cc1O,0,-21.774377168,-21.774377168
C00062,N=C(N)NCCC[C@H](N)C(=O)O,70,6,NC(=[NH2+])NCCC[C@H]([NH3+])C(O)=O,2,-31.9778053236,-31.9778053236
C00132,CO,14,1,CO,0,-6.525694618,-6.525694618
C17578,N[C@@H]1[C@H](O)[C@@H](O)[C@@H](O)[C@@H](O)[C@@H]1O,72,6,[NH3+][C@@H]1[C@H](O)[C@@H](O)[C@@H](O)[C@@H](O)[C@@H]1O,1,-34.2434095512,-34.2434095512
C01769,CC(=O)[C@H](C)O,36,4,C[C@H](O)C(C)=O,0,-16.4939855185,-16.4939855185
C05984,CC[C@H](O)C(=O)O,42,4,CC[C@H](O)C(O)=O,0,-19.8292509065,-19.8292509065
C00093,O=P(O)(O)OC[C@H](O)CO,62,3,OC[C@@H]([OH2+])COP(O)([O-])=O,0,-30.1497222033,-30.1497222033
C03494,O=P(O)(O)OC[C@@H](O)[C@@H](O)CO,74,4,OC[C@H](O)[C@H](O)COP(O)(O)=O,0,-35.9253558035,-35.9253558035
C08492,CC/C=C\CCO,42,6,CC\\C=C/CCO,0,-18.104223284,-18.104223284
C16348,O=C/C=C\Cl,28,3,Cl\\C=C/C=O,0,-12.7110615474,-12.7110615474
C06029,C[C@H](C(=O)O)[C@H](O)C(=O)O,58,5,C[C@@H]([C@H](O)C(O)=O)C(O)=O,0,-28.1695664994,-28.1695664994
C16310,CC/C=C\CC=O,40,6,CC\\C=C/CC=O,0,-17.3404916265,-17.3404916265
C06054,O=C(O)C(=O)[C@H](O)COP(=O)(O)O,76,4,O[C@H](COP(O)(O)=O)C(=O)C(O)=O,0,-37.7154519613,-37.7154519613
C04281,O=C(O)[C@@H]1C[C@@H](O)C=N1,50,5,O[C@@H]1C[C@H]([NH+]=C1)C(O)=O,1,-23.6283330021,-23.6283330021
C05672,NC(CP(=O)(O)O)C(=O)O,60,3,[NH3+]C(CP(O)(O)=O)C(O)=O,1,-28.9676069401,-28.9676069401
C02362,NC(=O)CC(=O)C(=O)O,50,4,NC(=O)CC(=O)C(O)=O,0,-24.3928079547,-24.3928079547
C00652,O=C1O[C@H](CO)[C@@H](O)[C@@H]1O,58,5,OC[C@H]1OC(=O)[C@@H](O)[C@@H]1O,0,-28.1194120477,-28.1194120477
C01147,O=C1CCCCC1O,46,6,OC1CCCCC1=O,0,-20.6831851707,-20.6831851707
C01181,C[N+](C)(C)CCCC(=O)O,60,7,C[N+](C)(C)CCCC(O)=O,1,-26.8110111302,-26.8110111302
C05946,O=C(O)C(=O)C[C@@H](O)C(=O)O,62,5,O[C@H](CC(=O)C(O)=O)C(O)=O,0,-30.7078390268,-30.7078390268
C02783,O[C@@H]1C[C@@H](O)[C@@H](O)CO1,54,5,O[C@@H]1C[C@@H](O)[C@@H](O)CO1,0,-25.5759969747,-25.5759969747
C05058,Nc1cccc(O)c1,42,6,[NH3+]c1cccc(O)c1,1,-18.7254166728,-18.7254166728
C03348,C[C@@H]1O[C@@H](O)[C@@H](O)C[C@@H]1O,60,6,C[C@@H]1O[C@@H](O)[C@@H](O)C[C@@H]1O,0,-28.0501519822,-28.0501519822
C02261,CC[C@@H](N)C(=O)O,42,4,CC[C@@H]([NH3+])C(O)=O,1,-19.3924485778,-19.3924485778
C00944,O=C1C[C@@](O)(C(=O)O)C[C@@H](O)[C@@H]1O,74,7,O[C@@H]1C[C@@](O)(CC(=O)[C@H]1O)C(O)=O,0,-35.6419902016,-35.6419902016
C16272,CC(=O)CC(O)CC(=O)O,58,6,CC(=O)CC(O)CC(O)=O,0,-27.3261135661,-27.3261135661
C00311,O=C(O)CC(C(=O)O)C(O)C(=O)O,74,6,OC(C(CC(O)=O)C(O)=O)C(O)=O,0,-36.5081451271,-36.5081451271
C06105,O=C1CCCCC1=O,44,6,O=C1CCCCC1=O,0,-19.9150628908,-19.9150628908
C00114,C[N+](C)(C)CCO,44,5,C[N+](C)(C)CCO,1,-19.2875479489,-19.2875479489
C03459,O=C(O)C(=O)C(O)C(=O)O,56,4,OC(C(O)=O)C(=O)C(O)=O,0,-28.2262283303,-28.2262283303
C01424,O=C(O)c1cc(O)c(O)c(O)c1,64,7,OC(=O)c1cc(O)c(O)c(O)c1,0,-30.8264836271,-30.8264836271
C00975,O=C(O)/C(O)=C(\O)C(=O)O,56,4,OC(=O)C(\\O)=C(/O)C(O)=O,0,-28.2449207394,-28.2449207394
C06056,N[C@H](C(=O)O)[C@H](O)CO,54,4,[NH3+][C@@H]([C@H](O)CO)C(O)=O,1,-26.0068180934,-26.0068180934
C00033,CC(=O)O,24,2,CC(O)=O,0,-11.5802282281,-11.5802282281
C02123,CCCC(C(=O)O)[C@H](O)C(=O)O,70,7,CCCC([C@H](O)C(O)=O)C(O)=O,0,-33.1192243036,-33.1192243036
C01468,Cc1ccc(O)cc1,42,7,Cc1ccc(O)cc1,0,-18.3210565449,-18.3210565449
C00118,O=C[C@H](O)COP(=O)(O)O,60,3,O[C@H](COP(O)(O)=O)C=O,0,-29.3766779578,-29.3766779578
C00181,OC1OC[C@@H](O)[C@H](O)[C@H]1O,60,5,O[C@@H]1COC(O)[C@H](O)[C@H]1O,0,-28.8766620216,-28.8766620216
C00322,O=C(O)CCCC(=O)C(=O)O,62,6,OC(=O)CCCC(=O)C(O)=O,0,-29.8788600846,-29.8788600846
C01722,OC[C@H](O)[C@H](O)[C@@H](O)[C@H](O)CO,74,6,OC[C@H](O)[C@H](O)[C@@H](O)[C@H](O)CO,0,-35.4203933193,-35.4203933193
C00189,NCCO,26,2,[NH3+]CCO,1,-11.8681849435,-11.8681849435
C16363,CNC(N)=O,30,2,CNC(N)=O,0,-13.811648775,-13.811648775
C01115,O=C1O[C@H]([C@@H](O)CO)[C@@H](O)[C@@H]1O,70,6,OC[C@H](O)[C@H]1OC(=O)[C@@H](O)[C@@H]1O,0,-33.9023835874,-33.9023835874
C18316,CC1=CC(=O)C(O)=CC1=O,52,7,CC1=CC(=O)C(O)=CC1=O,0,-24.1594698722,-24.1594698722
C03828,N[C@H]1C[C@@H](N)[C@H](O)[C@@H](OP(=O)(O)O)[C@@H]1O,90,6,[NH3+][C@H]1C[C@@H]([NH3+])[C@H](O)[C@@H](OP(O)(O)=O)[C@@H]1O,2,-42.4566292488,-42.4566292488
C00555,NCCCC=O,36,4,[NH3+]CCCC=O,1,-16.0481239699,-16.0481239699
C00090,Oc1ccccc1O,42,6,Oc1ccccc1O,0,-19.1516187536,-19.1516187536
C02780,O=C(O)C(=O)[C@@H](O)[C@H](O)C(=O)CO,74,6,OCC(=O)[C@@H](O)[C@H](O)C(=O)C(O)=O,0,-36.4535348782,-36.4535348782
C00590,COc1cc(/C=C/CO)ccc1O,70,10,COc1cc(\\C=C\\CO)ccc1O,0,-31.546114284,-31.546114284
C00263,N[C@@H](CCO)C(=O)O,48,4,[NH3+][C@@H](CCO)C(O)=O,1,-22.7131098467,-22.7131098467
C19410,Cc1cc([N+](=O)[O-])cc([N+](=O)[O-])c1,68,7,Cc1cc(cc(c1)[N+]([O-])=O)[N+]([O-])=O,0,-32.0571220207,-32.0571220207
C02356,CC[C@H](N)C(=O)O,42,4,CC[C@H]([NH3+])C(O)=O,1,-19.3924498947,-19.3924498947
C01582,O=C[C@H](O)[C@@H](O)[C@@H](O)[C@H](O)CO,72,6,OC[C@@H](O)[C@H](O)[C@H](O)[C@@H](O)C=O,0,-34.6491212413,-34.6491212413
C00830,O=C(O)C(=O)C(=O)O,44,3,OC(=O)C(=O)C(O)=O,0,-22.4377545737,-22.4377545737
C01096,O=P(O)(O)OC[C@@H](O)[C@@H](O)[C@H](O)[C@@H](O)CO,98,6,OC[C@H](O)[C@@H](O)[C@H](O)[C@H](O)COP(O)(O)=O,0,-47.4914384666,-47.4914384666
C02648,O=CC#CCO,32,4,OCC#CC=O,0,-14.8930868148,-14.8930868148
C05938,N[C@@H](C[C@@H](O)C=O)C(=O)O,58,5,[NH3+][C@@H](C[C@@H](O)C=O)C(O)=O,1,-27.6981032648,-27.6981032648
C06231,CC1=N[C@H](C(=O)O)CCN1,56,6,CC1=[NH+][C@@H](CCN1)C(O)=O,1,-25.6372080995,-25.6372080995
C02497,OCC#CCO,34,4,OCC#CCO,0,-15.653746106,-15.653746106
C06055,N[C@H](C(=O)O)[C@H](O)COP(=O)(O)O,78,4,[NH3+][C@@H]([C@H](O)COP(O)(O)=O)C(O)=O,1,-38.0689067907,-38.0689067907
C03107,O=C1O[C@H](C(O)CO)[C@H](O)[C@H]1O,70,6,OCC(O)[C@H]1OC(=O)[C@H](O)[C@H]1O,0,-33.9075833352,-33.9075833352
C04484,O=C/C=C(\C=C(\O)C(=O)O)C(=O)O,70,7,OC(=O)C(\\O)=C/C(=C\\C=O)/C(O)=O,0,-34.1054697269,-34.1054697269
C01100,N[C@H](COP(=O)(O)O)Cc1c[nH]cn1,80,6,[NH3+][C@H](COP(O)(O)=O)Cc1c[nH]c[nH+]1,2,-37.1206020213,-37.1206020213
C00146,Oc1ccccc1,36,6,Oc1ccccc1,0,-15.84268564,-15.84268564
C03196,O=C(O)CC[C@H](O)C(=O)O,58,5,O[C@@H](CCC(O)=O)C(O)=O,0,-28.17800873,-28.17800873
C03284,C[C@@H](CN)C(=O)O,42,4,C[C@@H](C[NH3+])C(O)=O,1,-19.4112182364,-19.4112182364
C00989,O=C(O)CCCO,42,4,OCCCC(O)=O,0,-19.8258567837,-19.8258567837
C00880,O=C(O)[C@H](O)[C@@H](O)[C@@H](O)[C@H](O)CO,78,6,OC[C@@H](O)[C@H](O)[C@H](O)[C@@H](O)C(O)=O,0,-37.9843627779,-37.9843627779
C00179,N=C(N)NCCCCN,54,5,NC(=[NH2+])NCCCC[NH3+],2,-23.6330052477,-23.6330052477
C06158,C[C@@H](O)[C@@H]1OC(=O)[C@H](O)[C@H]1O,64,6,C[C@@H](O)[C@@H]1OC(=O)[C@H](O)[C@H]1O,0,-30.6027303381,-30.6027303381
C00282,[H][H],2,0,[H][H],0,-0.6706830487,-0.6706830487
C02001,C=CCO,24,3,OCC=C,0,-10.6792606264,-10.6792606264
C17361,O=C1C[C@@H]2O[C@@H](CCO)CN12,62,7,OCC[C@H]1CN2[C@H](CC2=O)O1,0,-28.4246009122,-28.4246009122
C07490,OCC(Cl)(Cl)Cl,38,2,OCC(Cl)(Cl)Cl,0,-17.3667561196,-17.3667561196
C14604,Nc1cc(O)ccc1O,48,6,[NH3+]c1cc(O)ccc1O,1,-22.0468997243,-22.0468997243
C07555,COc1ccc([N+](=O)[O-])cc1,58,7,COc1ccc(cc1)[N+]([O-])=O,0,-26.8328895726,-26.8328895726
C00388,NCCc1c[nH]cn1,44,5,[NH3+]CCc1c[nH]c[nH+]1,2,-19.2763555351,-19.2763555351
C03338,Cc1cc(O)cc(O)c1O,54,7,Cc1cc(O)cc(O)c1O,0,-24.9492736958,-24.9492736958
C03926,O=C(O)CC(=O)[C@H](O)[C@H](O)CO,70,6,OC[C@@H](O)[C@@H](O)C(=O)CC(O)=O,0,-33.9225668236,-33.9225668236
C01151,O=P(O)(O)OC[C@H]1O[C@H](OP(=O)(O)O)[C@H](O)[C@@H]1O,108,5,O[C@H]1[C@@H](O)[C@@H](OP(O)(O)=O)O[C@@H]1COP(O)(O)=O,0,-52.9931710445,-52.9931710445
C05828,Cn1cnc(CC(=O)O)c1,54,6,Cn1c[nH+]c(CC(O)=O)c1,1,-24.8622908136,-24.8622908136
C02426,O=C[C@@H](O)CO,36,3,OC[C@H](O)C=O,0,-17.3065441238,-17.3065441238
C00036,O=C(O)CC(=O)C(=O)O,50,4,OC(=O)CC(=O)C(O)=O,0,-24.9287162178,-24.9287162178
C02804,O=C(O)CCCCO,48,5,OCCCCC(O)=O,0,-22.2988456015,-22.2988456015
C00545,O=C(O)[C@H](O)[C@@H](O)[C@@H](O)CO,66,5,OC[C@H](O)[C@H](O)[C@@H](O)C(O)=O,0,-32.2007327132,-32.2007327132
C00593,O=CCS(=O)(=O)O,42,2,[O-]S(=O)(=O)CC=O,-1,-20.2993278276,-20.2993278276
C00680,N[C@@H](CCC[C@@H](N)C(=O)O)C(=O)O,76,7,[NH3+][C@@H](CCC[C@@H]([NH3+])C(O)=O)C(O)=O,2,-35.4744970283,-35.4744970283
C00603,NC(=O)N[C@@H](O)C(=O)O,52,3,NC(=O)N[C@@H](O)C(O)=O,0,-25.4762550915,-25.4762550915
C01620,O=C(O)[C@H](O)[C@@H](O)CO,54,4,OC[C@H](O)[C@@H](O)C(O)=O,0,-26.4312842256,-26.4312842256
C00266,O=CCO,24,2,OCC=O,0,-11.5353495415,-11.5353495415
C00196,O=C(O)c1cccc(O)c1O,58,7,OC(=O)c1cccc(O)c1O,0,-27.5125768286,-27.5125768286
C01295,CO[C@@H]1[C@@H](O)C(=O)[C@H](O)[C@H](O)[C@H]1O,76,7,CO[C@H]1[C@H](O)[C@@H](O)[C@@H](O)C(=O)[C@@H]1O,0,-36.3402664132,-36.3402664132
C03458,Oc1ccc(O)c(O)n1,48,5,Oc1ccc(O)c(O)[nH+]1,1,-22.901960491,-22.901960491
C02720,ONc1ccccc1,42,6,[OH2+][NH2+]c1ccccc1,2,-18.4685982421,-18.4685982421
C02659,CC(C)(O)C#N,34,4,CC(C)(O)C#N,0,-15.1996138302,-15.1996138302
C01214,N[C@H]1[C@H](O)[C@@H](O)[C@H](O)[C@@H](O)[C@@H]1O,72,6,[NH3+][C@H]1[C@H](O)[C@@H](O)[C@H](O)[C@@H](O)[C@@H]1O,1,-34.2454666116,-34.2454666116
C01059,Oc1ccc(O)nc1,42,5,[O-]c1ccc([O-])[nH+]c1,-1,-19.1292602874,-19.1292602874
C02917,C[C@H](O)CO,32,3,C[C@H](O)CO,0,-14.7751415107,-14.7751415107
C00756,CCCCCCCCO,56,8,CCCCCCCCO,0,-23.84449353,-23.84449353
C01697,OC[C@H](O)[C@@H](O)[C@@H](O)[C@H](O)CO,74,6,OC[C@H](O)[C@@H](O)[C@@H](O)[C@H](O)CO,0,-35.417366498,-35.417366498
C00314,Cc1ncc(CO)c(CO)c1O,66,8,Cc1[nH+]cc(CO)c(CO)c1[O-],0,-30.1622818609,-30.1622818609
C11511,N[C@H](C(=O)O)[C@H](O)C(=O)O,58,4,[NH3+][C@@H]([C@H](O)C(O)=O)C(O)=O,1,-28.5681742277,-28.5681742277
C06001,C[C@@H](CO)C(=O)O,42,4,C[C@@H](CO)C(O)=O,0,-19.8251794276,-19.8251794276
C00082,N[C@@H](Cc1ccc(O)cc1)C(=O)O,70,9,[NH3+][C@@H](Cc1ccc(O)cc1)C(O)=O,1,-32.0243531993,-32.0243531993
C01087,O=C(O)CC[C@@H](O)C(=O)O,58,5,O[C@H](CCC(O)=O)C(O)=O,0,-28.1715856996,-28.1715856996
C15562,NCc1ccccc1,42,7,[NH3+]Cc1ccccc1,1,-17.8783881685,-17.8783881685
C18248,CCCl,20,2,CCCl,0,-8.489092905,-8.489092905
C00042,O=C(O)CCC(=O)O,46,4,OC(=O)CCC(O)=O,0,-22.3941856521,-22.3941856521
C03059,NC(CO)(CO)C(=O)O,54,4,[NH3+]C(CO)(CO)C(O)=O,1,-26.0154771214,-26.0154771214
C00310,OCC1(O)OC[C@@H](O)[C@@H]1O,60,5,OCC1(O)OC[C@@H](O)[C@@H]1O,0,-28.8791866245,-28.8791866245
C00597,O=C(O)C(O)COP(=O)(O)O,66,3,OC(COP(O)(O)=O)C(O)=O,0,-32.715463041,-32.715463041
C00855,CSCC[C@@H](N)C(=O)O,54,5,CSCC[C@@H]([NH3+])C(O)=O,1,-24.2837432073,-24.2837432073
C03197,C[C@H](O)CC(=O)O,42,4,C[C@H](O)CC(O)=O,0,-19.8284482522,-19.8284482522
C00623,O=P(O)(O)OC[C@@H](O)CO,62,3,OC[C@H]([OH2+])COP(O)([O-])=O,0,-30.1346962621,-30.1346962621
C02223,CCC(C)C=O,36,5,CCC(C)C=O,0,-15.6598883542,-15.6598883542
C15930,O=C(O)[C@@H](O)[C@H](O)[C@H](O)[C@@H](O)CO,78,6,OC[C@H](O)[C@@H](O)[C@@H](O)[C@H](O)C(O)=O,0,-37.9832791944,-37.9832791944
C02124,Oc1ccc(Cl)cc1,42,6,Oc1ccc(Cl)cc1,0,-18.6384731766,-18.6384731766
C06754,O=CCCl,24,2,ClCC=O,0,-11.0208220344,-11.0208220344
C11249,C1CCCCC1,36,6,C1CCCCC1,0,-14.8391492186,-14.8391492186
C03079,N[C@@H](CC(O)C(=O)O)C(=O)O,64,5,[NH3+][C@@H](CC(O)C(O)=O)C(O)=O,1,-31.035661782,-31.035661782
C00064,NC(=O)CC[C@H](N)C(=O)O,58,5,NC(=O)CC[C@H]([NH3+])C(O)=O,1,-27.1944852987,-27.1944852987
C00041,C[C@H](N)C(=O)O,36,3,C[C@H]([NH3+])C(O)=O,1,-16.9160837525,-16.9160837525
C12314,O=C1OCCCCC1O,52,6,OC1CCCCOC1=O,0,-23.987702233,-23.987702233
C01924,N=C(N)NCCCC[C@H](N)C(=O)O,76,7,NC(=[NH2+])NCCCC[C@H]([NH3+])C(O)=O,2,-34.4640766781,-34.4640766781
C12317,C[C@@H](O)[C@@H](N)C(=O)O,48,4,C[C@@H](O)[C@@H]([NH3+])C(O)=O,1,-22.7049482865,-22.7049482865
C01933,CCCC[C@H](N)C(=O)O,54,6,CCCC[C@H]([NH3+])C(O)=O,1,-24.3411991753,-24.3411991753
C00026,O=C(O)CCC(=O)C(=O)O,56,5,OC(=O)CCC(=O)C(O)=O,0,-27.404660492,-27.404660492
C06419,N[C@H](Cc1c[nH]cn1)C(=O)O,60,6,[NH3+][C@H](Cc1c[nH]c[nH+]1)C(O)=O,2,-27.6241717982,-27.6241717982
C06104,O=C(O)CCCCC(=O)O,58,6,OC(=O)CCCCC(O)=O,0,-27.341481869,-27.341481869
C01854,N[C@H]1[C@H](O)[C@@H](N)[C@H](O)[C@@H](O)[C@@H]1O,72,6,[NH3+][C@H]1[C@H](O)[C@@H]([NH3+])[C@H](O)[C@@H](O)[C@@H]1O,2,-33.697955412,-33.697955412
C01888,CC(=O)CN,30,3,CC(=O)C[NH3+],1,-13.5904992317,-13.5904992317
C00668,O=P(O)(O)OC[C@H]1O[C@H](O)[C@H](O)[C@@H](O)[C@@H]1O,96,6,O[C@H]1O[C@H](COP(O)(O)=O)[C@@H](O)[C@H](O)[C@H]1O,0,-46.7216470901,-46.7216470901
C00535,C[C@]12CC[C@H]3[C@@H](CCC4=CC(=O)CC[C@@]43C)[C@@H]1CC[C@@H]2O,116,19,C[C@]12CC[C@H]3[C@@H](CCC4=CC(=O)CC[C@]34C)[C@@H]1CC[C@@H]2O,0,-49.7803850095,-49.7803850095
C02372,Nc1ccc(O)cc1,42,6,[NH3+]c1ccc(O)cc1,1,-18.7276753295,-18.7276753295
C00414,O=C1CCCCC1,40,6,O=C1CCCCC1,0,-17.3847856495,-17.3847856495
C03273,O=CCCCC(=O)O,46,5,OC(=O)CCCC=O,0,-21.5334775606,-21.5334775606
C11437,CC(=O)[C@@H](O)[C@H](O)COP(=O)(O)O,78,5,CC(=O)[C@@H](O)[C@H](O)COP(O)(O)=O,0,-37.6397959475,-37.6397959475
C01165,N[C@@H](CCC=O)C(=O)O,52,5,[NH3+][C@@H](CCC=O)C(O)=O,1,-24.3905936244,-24.3905936244
C15987,CNCCCC(=O)O,48,5,C[NH2+]CCCC(O)=O,1,-21.8683462891,-21.8683462891
C00158,O=C(O)CC(O)(CC(=O)O)C(=O)O,74,6,OC(=O)CC(O)(CC(O)=O)C(O)=O,0,-36.5260291826,-36.5260291826
C03269,O=C[C@H]1OC(O)[C@H](O)[C@@H](O)[C@H]1O,70,6,OC1O[C@H](C=O)[C@H](O)[C@H](O)[C@H]1O,0,-33.8801813374,-33.8801813374
C16390,O=C(O)CCC(CO)C(=O)O,64,6,OCC(CCC(O)=O)C(O)=O,0,-30.6394037963,-30.6394037963
C02670,O=C[C@H](O)[C@H]1OC(=O)[C@@H](O)[C@H]1O,68,6,O[C@@H](C=O)[C@H]1OC(=O)[C@@H](O)[C@H]1O,0,-33.1358858277,-33.1358858277
C03741,N[C@H](C=O)CCC(=O)O,52,5,[NH3+][C@@H](CCC(O)=O)C=O,1,-24.397463171,-24.397463171
C04673,N=C(N)N[C@H]1[C@H](O)[C@@H](O)[C@H](O)C(=O)[C@@H]1O,86,7,NC(=[NH2+])N[C@H]1[C@H](O)[C@@H](O)[C@H](O)C(=O)[C@@H]1O,1,-40.7956903878,-40.7956903878
C00468,C[C@]12CC[C@@H]3c4ccc(O)cc4CC[C@H]3[C@@H]1CCC2=O,106,18,C[C@]12CC[C@H]3[C@@H](CCc4cc(O)ccc34)[C@@H]1CCC2=O,0,-45.7992353406,-45.7992353406
C00258,O=C(O)[C@H](O)CO,42,3,OC[C@@H](O)C(O)=O,0,-20.6550034122,-20.6550034122
C01236,O=C1O[C@H](COP(=O)(O)O)[C@@H](O)[C@H](O)[C@H]1O,94,6,O[C@H]1[C@H](O)[C@@H](COP(O)(O)=O)OC(=O)[C@@H]1O,0,-45.9530702855,-45.9530702855
C00232,O=CCCC(=O)O,40,4,OC(=O)CCC=O,0,-19.0510311663,-19.0510311663
C00772,CC1(O)CC(=O)OC(O)C1,58,6,CC1(O)CC(O)OC(=O)C1,0,-27.315038247,-27.315038247
C02888,O=C(COP(=O)(O)O)[C@@H](O)[C@H](O)[C@@H](O)CO,96,6,OC[C@H](O)[C@@H](O)[C@H](O)C(=O)COP(O)(O)=O,0,-46.7159129551,-46.7159129551
C02129,CC(=O)CCCC(=O)O,52,6,CC(=O)CCCC(O)=O,0,-24.0168865285,-24.0168865285
C13747,Cn1c(=O)[nH]c2ncn(C)c2c1=O,68,7,CN1C(=O)Nc2ncn(C)c2C1=O,0,-31.2427967586,-31.2427967586
C03401,NC[C@H](N)C(=O)O,42,3,[NH3+]C[C@H]([NH3+])C(O)=O,2,-19.6408687582,-19.6408687582
C00209,O=C(O)C(=O)O,34,2,OC(=O)C(O)=O,0,-17.4300162353,-17.4300162353
C00940,NC(=O)CCC(=O)C(=O)O,56,5,NC(=O)CCC(=O)C(O)=O,0,-26.8644107523,-26.8644107523
C00392,OC[C@@H](O)[C@@H](O)[C@H](O)[C@H](O)CO,74,6,OC[C@@H](O)[C@@H](O)[C@H](O)[C@H](O)CO,0,-35.4205094703,-35.4205094703
C01542,Cc1ccccc1O,42,7,Cc1ccccc1O,0,-18.321147355,-18.321147355
C10906,O=C(CO)[C@@H](O)[C@H](O)[C@H](O)CO,72,6,OC[C@@H](O)[C@@H](O)[C@H](O)C(=O)CO,0,-34.6486281926,-34.6486281926
C02431,C[C@H](O)[C@@H]1OC(O)[C@H](O)[C@@H]1O,66,6,C[C@H](O)[C@@H]1OC(O)[C@H](O)[C@@H]1O,0,-31.3522188494,-31.3522188494
C16741,NC[C@H](O)CC[C@H](N)C(=O)O,66,6,[NH3+]C[C@H](O)CC[C@H]([NH3+])C(O)=O,2,-30.4374424653,-30.4374424653
C00160,O=C(O)CO,30,2,OCC(O)=O,0,-14.8762260383,-14.8762260383
C06002,C[C@@H](C=O)C(=O)O,40,4,C[C@@H](C=O)C(O)=O,0,-19.0590031165,-19.0590031165
C00178,Cc1c[nH]c(=O)[nH]c1=O,48,5,CC1=CNC(=O)NC1=O,0,-22.2702561706,-22.2702561706
C14110,OCc1ccc(O)c(O)c1,54,7,OCc1ccc(O)c(O)c1,0,-24.9278917015,-24.9278917015
C01672,NCCCCCN,44,5,[NH3+]CCCCC[NH3+],2,-18.7863729877,-18.7863729877
C00256,C[C@@H](O)C(=O)O,36,3,C[C@@H](O)C(O)=O,0,-17.3532549032,-17.3532549032
C00872,NC(C(=O)O)C(=O)O,46,3,[NH3+]C(C(O)=O)C(O)=O,1,-22.773580874,-22.773580874
C00552,O=C(O)[C@@H](O)[C@@H](O)C(=O)O,58,4,O[C@@H]([C@@H](O)C(O)=O)C(O)=O,0,-29.006358506,-29.006358506
C18317,Cc1cc(O)c(O)cc1O,54,7,Cc1cc(O)c(O)cc1O,0,-24.9429539863,-24.9429539863
C02814,Oc1ccc(O)c(O)c1,48,6,Oc1ccc(O)c(O)c1,0,-22.4659789449,-22.4659789449
C16849,O=CC(=O)COP(=O)(O)O,58,3,OP(O)(=O)OCC(=O)C=O,0,-28.6021247251,-28.6021247251
C00624,CC(=O)N[C@@H](CCC(=O)O)C(=O)O,74,7,CC(=O)N[C@@H](CCC(O)=O)C(O)=O,0,-35.1413861171,-35.1413861171
C19838,N[C@@H](C(=O)O)[C@H](O)C(=O)O,58,4,[NH3+][C@H]([C@H](O)C(O)=O)C(O)=O,1,-28.5783047482,-28.5783047482
C00586,OC[C@H]1OC(O)C[C@@H](O)[C@@H]1O,66,6,OC[C@H]1OC(O)C[C@@H](O)[C@@H]1O,0,-31.3489450667,-31.3489450667
C16637,C[C@H]1O[C@H](OP(=O)(O)O)[C@H](O)[C@@H]1O,78,5,C[C@H]1O[C@H](OP(O)(O)=O)[C@H](O)[C@@H]1O,0,-37.6382811623,-37.6382811623
C01905,NC(=O)C[C@@H](N)C(=O)O,52,4,NC(=O)C[C@@H]([NH3+])C(O)=O,1,-24.7517423713,-24.7517423713
C00049,N[C@@H](CC(=O)O)C(=O)O,52,4,[NH3+][C@@H](CC(O)=O)C(O)=O,1,-25.2661517979,-25.2661517979
C02781,OC[C@H]1OC(O)C[C@@H](O)[C@H]1O,66,6,OC[C@H]1OC(O)C[C@@H](O)[C@H]1O,0,-31.3450977258,-31.3450977258
C06255,CCCC(=O)C(=O)O,46,5,CCCC(=O)C(O)=O,0,-21.5313858966,-21.5313858966
C02953,C[C@H](O)[C@H](O)C1=Nc2c(nc(N)[nH]c2=O)NC1,92,9,C[C@H](O)[C@H](O)C1=[NH+]C2=C(NC1)N=C(N)NC2=O,1,-42.4081315734,-42.4081315734
C00217,N[C@H](CCC(=O)O)C(=O)O,58,5,[NH3+][C@H](CCC(O)=O)C(O)=O,1,-27.7627240879,-27.7627240879
C03826,O=C(O)C(=O)C[C@H](O)CO,58,5,OC[C@@H](O)CC(=O)C(O)=O,0,-28.1331224509,-28.1331224509
C05235,CC(=O)CO,30,3,CC(=O)CO,0,-14.0195331994,-14.0195331994
C00191,O=C(O)[C@H]1OC(O)[C@H](O)[C@@H](O)[C@@H]1O,76,6,OC1O[C@@H]([C@@H](O)[C@H](O)[C@H]1O)C(O)=O,0,-37.2274027294,-37.2274027294
C00198,O=C1O[C@H](CO)[C@@H](O)[C@H](O)[C@H]1O,70,6,OC[C@H]1OC(=O)[C@H](O)[C@@H](O)[C@@H]1O,0,-33.9015735082,-33.9015735082
C00250,Cc1ncc(CO)c(C=O)c1O,64,8,Cc1[nH+]cc(CO)c(C=O)c1[O-],0,-29.403346847,-29.403346847
C02235,O=[N+]([O-])c1ccc(O)c(O)c1,58,6,Oc1ccc(cc1O)[N+]([O-])=O,0,-27.6846707097,-27.6846707097
C00804,C#CC(=O)O,26,3,OC(=O)C#C,0,-12.4534947435,-12.4534947435
C00820,C[C@H](O)[C@@H](N)C(=O)O,48,4,C[C@H](O)[C@@H]([NH3+])C(O)=O,1,-22.7057607888,-22.7057607888
C02024,O=C(O)[C@H]1OC(O)[C@@H](O)[C@@H](O)[C@@H]1O,76,6,OC1O[C@@H]([C@@H](O)[C@H](O)[C@@H]1O)C(O)=O,0,-37.2204112025,-37.2204112025
C01585,CCCCCC(=O)O,48,6,CCCCCC(O)=O,0,-21.4749972952,-21.4749972952
C10792,OCc1cc(O)ccc1O,54,7,OCc1cc(O)ccc1O,0,-24.9291197009,-24.9291197009
C00556,OCc1ccccc1,42,7,OCc1ccccc1,0,-18.3010164744,-18.3010164744
C00792,N=C(N)NCCC[C@@H](N)C(=O)O,70,6,NC(=[NH2+])NCCC[C@@H]([NH3+])C(O)=O,2,-31.9777373538,-31.9777373538
C01068,O=P(O)(O)OC[C@@H](O)[C@@H](O)[C@@H](O)CO,86,5,OC[C@H](O)[C@H](O)[C@H](O)COP(O)(O)=O,0,-41.7048206537,-41.7048206537
C03678,NCC(O)CC(=O)O,48,4,[NH3+]CC(O)CC(O)=O,1,-22.7157788532,-22.7157788532
C01471,C=CC=O,22,3,C=CC=O,0,-9.9181739692,-9.9181739692
C01298,N=C(N)N[C@@H]1[C@@H](O)[C@H](N)[C@@H](O)[C@H](O)[C@H]1O,88,7,NC(=[NH2+])N[C@@H]1[C@@H](O)[C@H]([NH3+])[C@@H](O)[C@H](O)[C@H]1O,2,-41.0383498271,-41.0383498271
C04359,CC(=O)[C@@H](O)[C@H](O)[C@H](O)[C@H](O)COP(=O)(O)O,102,7,CC(=O)[C@@H](O)[C@H](O)[C@H](O)[C@H](O)COP(O)(O)=O,0,-49.1936080256,-49.1936080256
C06760,C/C(C=O)=C/C=C(/O)C(=O)O,60,7,C\\C(C=O)=C\\C=C(\\O)C(O)=O,0,-28.2360624767,-28.2360624767
C02115,C[C@@](N)(CO)C(=O)O,48,4,C[C@@]([NH3+])(CO)C(O)=O,1,-22.7127825731,-22.7127825731
C02043,O=C(O)C(O)Cc1c[nH]c2ccccc12,78,11,OC(Cc1c[nH]c2ccccc12)C(O)=O,0,-35.3314491295,-35.3314491295
C00318,C[N+](C)(C)C[C@H](O)CC(=O)[O-],66,7,C[N+](C)(C)C[C@H](O)CC(O)=O,1,-30.1268398512,-30.1268398512
C00810,CC(=O)[C@@H](C)O,36,4,C[C@@H](O)C(C)=O,0,-16.4983121068,-16.4983121068
C02637,O=C(O)C1=CC(=O)[C@@H](O)[C@H](O)C1,66,7,O[C@@H]1CC(=CC(=O)[C@H]1O)C(O)=O,0,-31.5518890173,-31.5518890173
C03394,O=C(COP(=O)(O)O)[C@@H](O)CO,72,4,OC[C@H](O)C(=O)COP(O)(O)=O,0,-35.1572979875,-35.1572979875
C00532,OC[C@H](O)C(O)[C@@H](O)CO,62,5,OC[C@H](O)C(O)[C@@H](O)CO,0,-29.6311442623,-29.6311442623
C06753,OCCCl,26,2,OCCCl,0,-11.787483627,-11.787483627
C16700,O=Cc1ccc(O)c(O)c1,52,7,Oc1ccc(C=O)cc1O,0,-24.1700292473,-24.1700292473
C00802,NC(=O)NC(=O)C(=O)O,50,3,NC(=O)NC(=O)C(O)=O,0,-24.7069507503,-24.7069507503
C00763,O=C(O)[C@H]1CCCN1,46,5,OC(=O)[C@H]1CCC[NH2+]1,1,-21.1075061891,-21.1075061891
C00860,N[C@H](CO)Cc1c[nH]cn1,56,6,[NH3+][C@H](CO)Cc1c[nH]c[nH+]1,2,-25.0625694839,-25.0625694839
C02946,CC(=O)NCCCC(=O)O,58,6,CC(=O)NCCCC(O)=O,0,-26.7979542458,-26.7979542458
C00905,O=C(O)[C@H]1OC(O)(CO)[C@@H](O)[C@@H]1O,76,6,OCC1(O)O[C@@H]([C@@H](O)[C@@H]1O)C(O)=O,0,-37.2250066078,-37.2250066078
C00180,O=C(O)c1ccccc1,46,7,OC(=O)c1ccccc1,0,-20.8835421235,-20.8835421235
C05519,C[C@H](O)[C@H](N)C(=O)O,48,4,C[C@H](O)[C@H]([NH3+])C(O)=O,1,-22.7049700276,-22.7049700276
C01801,OC[C@H]1OC(O)C[C@@H]1O,54,5,OC[C@H]1OC(O)C[C@@H]1O,0,-25.5660219567,-25.5660219567
C00644,O=P(O)(O)OC[C@@H](O)[C@@H](O)[C@H](O)[C@H](O)CO,98,6,OC[C@@H](O)[C@@H](O)[C@H](O)[C@H](O)COP(O)(O)=O,0,-47.4895901416,-47.4895901416
C02835,O=C(O)Cc1c[nH]cn1,48,5,OC(=O)Cc1c[nH]c[nH+]1,1,-22.3871623478,-22.3871623478
C11498,C[C@H](O)CSCCS(=O)(=O)O,68,5,C[C@H](O)CSCCS([O-])(=O)=O,-1,-30.8969412398,-30.8969412398
C01172,O=P(O)(O)OC[C@H]1O[C@@H](O)[C@H](O)[C@@H](O)[C@@H]1O,96,6,O[C@@H]1O[C@H](COP(O)(O)=O)[C@@H](O)[C@H](O)[C@H]1O,0,-46.7187474755,-46.7187474755
C01546,O=C(O)c1ccco1,42,5,OC(=O)c1ccco1,0,-19.9949271077,-19.9949271077
C00186,C[C@H](O)C(=O)O,36,3,C[C@H](O)C(O)=O,0,-17.3523575051,-17.3523575051
C00469,CCO,20,2,CCO,0,-9.0030549435,-9.0030549435
C03056,Oc1cccc(O)n1,42,5,Oc1cccc(O)[nH+]1,1,-19.5959194017,-19.5959194017
C10164,O=C(O)c1ccccn1,46,6,OC(=O)c1cccc[nH+]1,1,-21.3060806101,-21.3060806101
C00679,O=C(O)C(=O)C[C@H](O)[C@@H](O)C(=O)O,74,6,O[C@@H](CC(=O)C(O)=O)[C@@H](O)C(O)=O,0,-36.4859757153,-36.4859757153
C11101,O=Cc1ccc(CO)o1,48,6,OCc1ccc(C=O)o1,0,-22.435967356,-22.435967356
C08284,N=C(N)NCC(O)C[C@H](N)C(=O)O,76,6,NC(=[NH2+])NCC(O)C[C@H]([NH3+])C(O)=O,2,-35.2766212345,-35.2766212345
C04076,N[C@@H](CCCC=O)C(=O)O,58,6,[NH3+][C@@H](CCCC=O)C(O)=O,1,-26.8671186723,-26.8671186723
C06202,O=Cc1ccccc1O,46,7,Oc1ccccc1C=O,0,-20.8605558962,-20.8605558962
C14179,O=C(O)CS(=O)(=O)O,48,2,OC(=O)CS([O-])(=O)=O,-1,-23.639469908,-23.639469908
C02636,C[N+](C)(C)CC(=O)CC(=O)O,64,7,C[N+](C)(C)CC(=O)CC(O)=O,1,-29.3590917761,-29.3590917761
C00956,N[C@@H](CCCC(=O)O)C(=O)O,64,6,[NH3+][C@@H](CCCC(O)=O)C(O)=O,1,-30.2122767746,-30.2122767746
C00267,OC[C@H]1O[C@H](O)[C@H](O)[C@@H](O)[C@@H]1O,72,6,OC[C@H]1O[C@H](O)[C@H](O)[C@@H](O)[C@@H]1O,0,-34.6563537822,-34.6563537822
C01507,OC[C@H](O)[C@@H](O)[C@H](O)[C@@H](O)CO,74,6,OC[C@H](O)[C@@H](O)[C@H](O)[C@@H](O)CO,0,-35.419771054,-35.419771054
C00577,O=C[C@H](O)CO,36,3,OC[C@@H](O)C=O,0,-17.3109643559,-17.3109643559
C03351,OCc1cccc(O)c1,48,7,OCc1cccc(O)c1,0,-21.6207990967,-21.6207990967
C04462,O=C(O)CCC(=O)N[C@@H](CCCC(=O)C(=O)O)C(=O)O,112,11,OC(=O)CCC(=O)N[C@@H](CCCC(=O)C(O)=O)C(O)=O,0,-53.4411027267,-53.4411027267
C00058,O=CO,18,1,OC=O,0,-9.0857191931,-9.0857191931
C07330,CC(C)=CC=O,34,5,CC(C)=CC=O,0,-14.8782979111,-14.8782979111
C03217,O=C(O)CCC(=O)C(O)C(=O)O,68,6,OC(C(O)=O)C(=O)CCC(O)=O,0,-33.1950062873,-33.1950062873
C07335,N[C@H](C(=O)O)C(=O)COP(=O)(O)O,76,4,[NH3+][C@H](C(O)=O)C(=O)COP(O)(O)=O,1,-37.3191055148,-37.3191055148
C05618,Oc1cccc(Cl)c1O,48,6,Oc1cccc(Cl)c1O,0,-21.9544150742,-21.9544150742
C01146,O=CC(O)C(=O)O,40,3,OC(C=O)C(O)=O,0,-19.8853862657,-19.8853862657
C00333,O=C(O)[C@H]1OC(O)[C@H](O)[C@@H](O)[C@H]1O,76,6,OC1O[C@@H]([C@H](O)[C@H](O)[C@H]1O)C(O)=O,0,-37.2174551473,-37.2174551473
C14390,CCCCCCC=O,48,7,CCCCCCC=O,0,-20.6063358912,-20.6063358912
C05941,NC[C@H](O)CC(=O)C(=O)O,58,5,[NH3+]C[C@H](O)CC(=O)C(O)=O,1,-27.7153086369,-27.7153086369
C17576,N[C@H]1[C@H](O)[C@@H](O)[C@H](O)C(=O)[C@@H]1O,70,6,[NH3+][C@H]1[C@H](O)[C@@H](O)[C@H](O)C(=O)[C@@H]1O,1,-33.4738709618,-33.4738709618
C03743,Oc1cc(O)c(O)c(O)c1,54,6,Oc1cc(O)c(O)c(O)c1,0,-25.7804795261,-25.7804795261
C03283,NCC[C@H](N)C(=O)O,48,4,[NH3+]CC[C@H]([NH3+])C(O)=O,2,-22.1438126472,-22.1438126472
C05947,N[C@@H](C[C@@H](O)C(=O)O)C(=O)O,64,5,[NH3+][C@@H](C[C@@H](O)C(O)=O)C(O)=O,1,-31.0356449745,-31.0356449745
C02262,N[C@H]1C(O)O[C@H](CO)[C@H](O)[C@@H]1O,72,6,[NH3+][C@H]1C(O)O[C@H](CO)[C@H](O)[C@@H]1O,1,-34.2293765051,-34.2293765051
C00116,OCC(O)CO,38,3,OCC(O)CO,0,-18.081961373,-18.081961373
C00684,O=C(O)C(=O)C[C@@H](O)CO,58,5,OC[C@H](O)CC(=O)C(O)=O,0,-28.1331395586,-28.1331395586
C00092,O=P(O)(O)OC[C@H]1OC(O)[C@H](O)[C@@H](O)[C@@H]1O,96,6,OC1O[C@H](COP(O)(O)=O)[C@@H](O)[C@H](O)[C@H]1O,0,-46.7296600097,-46.7296600097
C01455,Cc1ccccc1,36,7,Cc1ccccc1,0,-15.0043415277,-15.0043415277
C05665,NCCC=O,30,3,[NH3+]CCC=O,1,-13.5873411979,-13.5873411979
C16673,NC(=O)C(N)CCC(=O)O,58,5,NC(=O)C([NH3+])CCC(O)=O,1,-27.2101974512,-27.2101974512
C00511,C=CC(=O)O,28,3,OC(=O)C=C,0,-13.2594517339,-13.2594517339
C19813,N[C@@H](C(=O)O)[C@@H](O)C(=O)O,58,4,[NH3+][C@H]([C@@H](O)C(O)=O)C(O)=O,1,-28.5681623925,-28.5681623925
C00530,Oc1ccc(O)cc1,42,6,Oc1ccc(O)cc1,0,-19.1562464981,-19.1562464981
C01125,CC1(C)COC(=O)C1=O,50,6,CC1(C)COC(=O)C1=O,0,-23.2289804555,-23.2289804555
C00418,C[C@@](O)(CCO)CC(=O)O,60,6,C[C@@](O)(CCO)CC(O)=O,0,-28.0787265205,-28.0787265205
C01988,O=[N+]([O-])c1ccccc1O,52,6,Oc1ccccc1[N+]([O-])=O,0,-24.368349749,-24.368349749
C05986,C#CCO,22,3,OCC#C,0,-9.8767898212,-9.8767898212
C02518,Nc1ccc(C(=O)O)c(O)c1,58,7,[NH3+]c1ccc(C(O)=O)c(O)c1,1,-27.0732411744,-27.0732411744
C03739,O[C@@H]1CCCC[C@H]1O,48,6,O[C@@H]1CCCC[C@H]1O,0,-21.4419132332,-21.4419132332
C00797,CCN,20,2,CC[NH3+],1,-8.5748517767,-8.5748517767
C00247,OCC1(O)OC[C@H](O)[C@@H](O)[C@@H]1O,72,6,OCC1(O)OC[C@H](O)[C@@H](O)[C@@H]1O,0,-34.6552521546,-34.6552521546
C00135,N[C@@H](Cc1c[nH]cn1)C(=O)O,60,6,[NH3+][C@@H](Cc1c[nH]c[nH+]1)C(O)=O,2,-27.6242235102,-27.6242235102
C16639,OC[C@H]1O[C@@H](O)[C@H](O)[C@@H]1O,60,5,OC[C@H]1O[C@@H](O)[C@H](O)[C@@H]1O,0,-28.871800139,-28.871800139
C03623,CNC(=O)CCC(=O)C(=O)O,62,6,CNC(=O)CCC(=O)C(O)=O,0,-29.3262609057,-29.3262609057
C01407,c1ccccc1,30,6,c1ccccc1,0,-12.5249215073,-12.5249215073
C00280,C[C@]12CC[C@H]3[C@@H](CCC4=CC(=O)CC[C@@]43C)[C@@H]1CCC2=O,114,19,C[C@]12CC[C@H]3[C@@H](CCC4=CC(=O)CC[C@]34C)[C@@H]1CCC2=O,0,-49.0267087374,-49.0267087374
C00188,C[C@@H](O)[C@H](N)C(=O)O,48,4,C[C@@H](O)[C@H]([NH3+])C(O)=O,1,-22.7057720741,-22.7057720741
C00502,O=C(O)[C@H](O)[C@@H](O)[C@H](O)CO,66,5,OC[C@@H](O)[C@H](O)[C@@H](O)C(O)=O,0,-32.2087332366,-32.2087332366
C16737,O=C[C@H](O)[C@@H](O)[C@H](O)CC(=O)O,70,6,O[C@H](CC(O)=O)[C@H](O)[C@@H](O)C=O,0,-33.9142407713,-33.9142407713
C00515,NCCC[C@@H](N)C(=O)O,54,5,[NH3+]CCC[C@@H]([NH3+])C(O)=O,2,-24.6412940963,-24.6412940963
C06328,Oc1cc(O)c(O)c(Cl)c1,54,6,Oc1cc(O)c(O)c(Cl)c1,0,-25.2685242697,-25.2685242697
C00334,NCCCC(=O)O,42,4,[NH3+]CCCC(O)=O,1,-19.405418733,-19.405418733
C00671,CC[C@H](C)C(=O)C(=O)O,52,6,CC[C@H](C)C(=O)C(O)=O,0,-24.0056224038,-24.0056224038
C03251,O=C[C@H](O)[C@@H](O)[C@H](O)[C@H](O)COP(=O)(O)O,96,6,O[C@H](COP(O)(O)=O)[C@@H](O)[C@H](O)[C@@H](O)C=O,0,-46.712223917,-46.712223917
C16657,CCCC(CC(=O)O)C(=O)O,64,7,CCCC(CC(O)=O)C(O)=O,0,-29.8223226815,-29.8223226815
C01502,COc1ccccc1O,48,7,COc1ccccc1O,0,-21.6084811098,-21.6084811098
C11115,Cc1ccc(C=O)o1,42,6,Cc1ccc(C=O)o1,0,-19.1387002421,-19.1387002421
C00489,O=C(O)CCCC(=O)O,52,5,OC(=O)CCCC(O)=O,0,-24.8671118987,-24.8671118987
C00309,OCC1(O)OC[C@@H](O)[C@H]1O,60,5,OCC1(O)OC[C@@H](O)[C@H]1O,0,-28.8836834955,-28.8836834955
C00795,OCC1(O)OC[C@@H](O)[C@H](O)[C@@H]1O,72,6,OCC1(O)OC[C@@H](O)[C@H](O)[C@@H]1O,0,-34.6550300871,-34.6550300871
C00001,O,8,0,O,0,-4.0720538253,-4.0720538253
C03943,C[C@H](N)C[C@@H](N)C(=O)O,54,5,C[C@H]([NH3+])C[C@@H]([NH3+])C(O)=O,2,-24.6270490297,-24.6270490297
C03871,N[C@@H](CCCC(=O)C(=O)O)C(=O)O,74,7,[NH3+][C@@H](CCCC(=O)C(O)=O)C(O)=O,1,-35.2155851713,-35.2155851713
C02532,N[C@H](COP(=O)(O)O)C(=O)O,66,3,[NH3+][C@H](COP(O)(O)=O)C(O)=O,1,-32.3039293184,-32.3039293184
C04272,CC(C)(O)[C@@H](O)C(=O)O,54,5,CC(C)(O)[C@@H](O)C(O)=O,0,-25.6089126551,-25.6089126551
C01216,O=C(O)C(=O)C[C@@H](O)[C@H](O)CO,70,6,OC[C@@H](O)[C@H](O)CC(=O)C(O)=O,0,-33.9072514759,-33.9072514759
C03228,O=C1CCCC(O)C1,46,6,OC1CCCC(=O)C1,0,-20.6868906259,-20.6868906259
C18246,CC(Cl)(Cl)Cl,32,2,CC(Cl)(Cl)Cl,0,-14.0613607092,-14.0613607092
C11499,O=C(O)[C@H](O)CS(=O)(=O)O,60,3,O[C@H](CS([O-])(=O)=O)C(O)=O,-1,-29.4304856707,-29.4304856707
C03499,CCOC(=O)C[C@@H](C)O,54,6,CCOC(=O)C[C@@H](C)O,0,-24.76342346,-24.76342346
C00163,CCC(=O)O,30,3,CCC(O)=O,0,-14.054019121,-14.054019121
C07478,C/C(=C/C=C(/O)C(=O)O)C(=O)O,66,7,C\\C(=C\\C=C(\\O)C(O)=O)C(O)=O,0,-31.5754683585,-31.5754683585
C01390,CC(C)=CCO,36,5,CC(C)=CCO,0,-15.6365721417,-15.6365721417
C01489,OC[C@@H](O)[C@H](O)[C@@H](O)[C@H](O)CO,74,6,OC[C@@H](O)[C@H](O)[C@@H](O)[C@H](O)CO,0,-35.4241032785,-35.4241032785
C02360,O=C(O)CCCC(O)C(=O)O,64,6,OC(CCCC(O)=O)C(O)=O,0,-30.6469958257,-30.6469958257
C03665,CC(C)(N)C(=O)O,42,4,CC(C)([NH3+])C(O)=O,1,-19.4033048814,-19.4033048814
C00168,O=C(O)C(=O)CO,40,3,OCC(=O)C(O)=O,0,-19.88254737,-19.88254737
C00379,OC[C@H](O)[C@@H](O)[C@H](O)CO,62,5,OC[C@H](O)[C@@H](O)[C@H](O)CO,0,-29.6387157276,-29.6387157276
C00345,O=C(O)[C@H](O)[C@@H](O)[C@H](O)[C@H](O)COP(=O)(O)O,102,6,O[C@H](COP(O)(O)=O)[C@@H](O)[C@H](O)[C@@H](O)C(O)=O,0,-50.0488582497,-50.0488582497
C02845,CCC(C)=O,30,4,CCC(C)=O,0,-13.1956972674,-13.1956972674
C05985,C#CC=O,20,3,O=CC#C,0,-9.1132136155,-9.1132136155
C03844,CO[C@@H]1[C@@H](O)[C@@H](O)[C@H](O)[C@H](O)[C@H]1O,78,7,CO[C@@H]1[C@@H](O)[C@@H](O)[C@H](O)[C@H](O)[C@H]1O,0,-37.1109710743,-37.1109710743
C01113,O=P(O)(O)OC[C@H]1OC(O)[C@H](O)[C@@H](O)[C@H]1O,96,6,OC1O[C@H](COP(O)(O)=O)[C@H](O)[C@H](O)[C@H]1O,0,-46.7178040853,-46.7178040853
C00522,CC(C)(CO)[C@@H](O)C(=O)O,60,6,CC(C)(CO)[C@@H](O)C(O)=O,0,-28.0755512146,-28.0755512146
C06471,C[C@H]1OC(O)[C@H](O)C[C@H]1O,60,6,C[C@H]1OC(O)[C@H](O)C[C@H]1O,0,-28.0428496345,-28.0428496345
C06678,O=S(=O)(O)c1ccc(CO)cc1,66,7,OCc1ccc(cc1)S([O-])(=O)=O,-1,-30.3560357,-30.3560357
C18473,N=C(N)NCC[C@H](O)[C@H](N)C(=O)O,76,6,NC(=[NH2+])NCC[C@H](O)[C@H]([NH3+])C(O)=O,2,-35.2845973208,-35.2845973208
C01545,CCCCCCCC=O,54,8,CCCCCCCC=O,0,-23.0792203549,-23.0792203549
C00279,O=C[C@H](O)[C@H](O)COP(=O)(O)O,72,4,O[C@H](COP(O)(O)=O)[C@@H](O)C=O,0,-35.1498172476,-35.1498172476
C11497,CC(=O)CSCCS(=O)(=O)O,66,5,CC(=O)CSCCS([O-])(=O)=O,-1,-30.1464717541,-30.1464717541
C14689,OCCOCCO,44,4,OCCOCCO,0,-20.5357100524,-20.5357100524
C00065,N[C@@H](CO)C(=O)O,42,3,[NH3+][C@@H](CO)C(O)=O,1,-20.2237718936,-20.2237718936
C06748,CC(C)N,26,3,CC(C)[NH3+],1,-11.0559394581,-11.0559394581
C12455,NCCCCC=O,42,5,[NH3+]CCCCC=O,1,-18.5248339592,-18.5248339592
C01452,O=C(CO)[C@H](O)[C@@H](O)[C@H](O)CO,72,6,OC[C@@H](O)[C@H](O)[C@@H](O)C(=O)CO,0,-34.638963374,-34.638963374
C15523,O=C(O)c1ccc(O)nc1O,58,6,OC(=O)c1ccc(O)nc1O,0,-27.8379354299,-27.8379354299
C00433,O=CCCC(=O)C(=O)O,50,5,OC(=O)C(=O)CCC=O,0,-24.0627104811,-24.0627104811
C14687,CCOCCO,38,4,CCOCCO,0,-17.2364712217,-17.2364712217
C00497,O=C(O)C[C@@H](O)C(=O)O,52,4,O[C@H](CC(O)=O)C(O)=O,0,-25.7051198919,-25.7051198919
C03239,NCCCCC(=O)C(=O)O,58,6,[NH3+]CCCCC(=O)C(O)=O,1,-26.8736577359,-26.8736577359
C02501,O=C(O)/C=C\C=C(\O)C(=O)O,60,6,OC(=O)\\C=C/C=C(/O)C(O)=O,0,-29.0969289111,-29.0969289111
C02378,NCCCCCC(=O)O,54,6,[NH3+]CCCCCC(O)=O,1,-24.3436749766,-24.3436749766
C00870,O=[N+]([O-])c1ccc(O)cc1,52,6,Oc1ccc(cc1)[N+]([O-])=O,0,-24.3753196408,-24.3753196408
C00073,CSCC[C@H](N)C(=O)O,54,5,CSCC[C@H]([NH3+])C(O)=O,1,-24.2837315538,-24.2837315538
C02126,Nc1ccc([N+](=O)[O-])cc1,52,6,[NH3+]c1ccc(cc1)[N+]([O-])=O,1,-23.9132430979,-23.9132430979
C03651,O=C(O)[C@H]1C[C@H](O)CN1,52,5,O[C@@H]1C[NH2+][C@H](C1)C(O)=O,1,-24.4131967802,-24.4131967802
C06613,O=C/C=C/Cl,28,3,Cl\\C=C\\C=O,0,-12.7111789652,-12.7111789652
C00095,OC[C@H]1OC(O)(CO)[C@@H](O)[C@@H]1O,72,6,OC[C@H]1OC(O)(CO)[C@@H](O)[C@@H]1O,0,-34.6574892332,-34.6574892332
C00986,NCCCN,32,3,[NH3+]CCC[NH3+],2,-13.7906062817,-13.7906062817
C00383,O=C(O)CC(=O)O,40,3,OC(=O)CC(O)=O,0,-19.9233865661,-19.9233865661
C00558,O=C(O)[C@H]1OC(O)(CO)[C@@H](O)[C@H]1O,76,6,OCC1(O)O[C@@H]([C@H](O)[C@@H]1O)C(O)=O,0,-37.2283653843,-37.2283653843
C03341,CC(=O)C[C@@H](N)C(=O)O,52,5,CC(=O)C[C@@H]([NH3+])C(O)=O,1,-24.4125452331,-24.4125452331
C00331,O=C(O)C(=O)Cc1c[nH]c2ccccc12,76,11,OC(=O)C(=O)Cc1c[nH]c2ccccc12,0,-34.5582333291,-34.5582333291
C19721,O=C(O)c1ccc(O)[nH]1,48,5,OC(=O)c1ccc(O)[nH]1,0,-22.790635524,-22.790635524
C00296,O=C(O)[C@]1(O)C[C@@H](O)[C@@H](O)[C@H](O)C1,76,7,O[C@@H]1C[C@@](O)(C[C@@H](O)[C@H]1O)C(O)=O,0,-36.4100306093,-36.4100306093
C00800,O=C(O)[C@@H](O)[C@@H](O)[C@H](O)[C@@H](O)CO,78,6,OC[C@H](O)[C@@H](O)[C@H](O)[C@H](O)C(O)=O,0,-37.9851928228,-37.9851928228
C00984,OC[C@H]1O[C@H](O)[C@H](O)[C@@H](O)[C@H]1O,72,6,OC[C@H]1O[C@H](O)[C@H](O)[C@@H](O)[C@H]1O,0,-34.6555905802,-34.6555905802
C01062,O=C(CO)[C@@H](O)[C@H](O)[C@@H](O)C(=O)O,76,6,OCC(=O)[C@@H](O)[C@H](O)[C@@H](O)C(O)=O,0,-37.2249212122,-37.2249212122
C01186,C[C@H](N)C[C@H](N)CC(=O)O,60,6,C[C@H]([NH3+])C[C@H]([NH3+])CC(O)=O,2,-27.1209037197,-27.1209037197
C03961,N[C@H](C(=O)O)[C@@H](O)C(=O)O,58,4,[NH3+][C@@H]([C@@H](O)C(O)=O)C(O)=O,1,-28.5674876541,-28.5674876541
C02923,Cc1cccc(O)c1O,48,7,Cc1cccc(O)c1O,0,-21.6357171031,-21.6357171031
C04404,O=C(O)[C@H]1CC[C@H](O)CC1,58,7,O[C@H]1CC[C@@H](CC1)C(O)=O,0,-26.492795732,-26.492795732
C07328,CC(C)CCO,38,5,CC(C)CCO,0,-16.4231261451,-16.4231261451
C02375,Oc1ccc(Cl)cc1O,48,6,Oc1ccc(Cl)cc1O,0,-21.9475533419,-21.9475533419
C01073,CC(=O)NCCC(=O)O,52,5,CC(=O)NCCC(O)=O,0,-24.3232016046,-24.3232016046
C03440,O=C(O)[C@H]1C[C@@H](O)CN1,52,5,O[C@H]1C[NH2+][C@H](C1)C(O)=O,1,-24.4129605164,-24.4129605164
C14453,Oc1ccc(Br)cc1,42,6,Oc1ccc(Br)cc1,0,-18.4653901973,-18.4653901973
C00166,O=C(O)C(=O)Cc1ccccc1,62,9,OC(=O)C(=O)Cc1ccccc1,0,-28.3565222224,-28.3565222224
C00077,NCCC[C@H](N)C(=O)O,54,5,[NH3+]CCC[C@H]([NH3+])C(O)=O,2,-24.6412909886,-24.6412909886
C17213,CSCCCC(N)C(=O)O,60,6,CSCCCC([NH3+])C(O)=O,1,-26.75764735,-26.75764735
C07103,O=C1C=CC(=O)C(O)=C1,46,6,OC1=CC(=O)C=CC1=O,0,-21.6768083196,-21.6768083196
C17356,O=COC[C@H]1CN2C(=O)C[C@@H]2O1,66,7,O=COC[C@H]1CN2[C@H](CC2=O)O1,0,-30.9731294142,-30.9731294142
C00184,O=C(CO)CO,36,3,OCC(=O)CO,0,-17.3172121862,-17.3172121862
C01826,CCC[C@H](N)C(=O)O,48,5,CCC[C@H]([NH3+])C(O)=O,1,-21.8671135226,-21.8671135226
C14602,ONc1cccc(O)c1,48,6,Oc1cccc([NH2+][OH2+])c1,2,-21.7910100928,-21.7910100928
C00666,N[C@@H](CCC[C@H](N)C(=O)O)C(=O)O,76,7,[NH3+][C@@H](CCC[C@H]([NH3+])C(O)=O)C(O)=O,2,-35.4759405193,-35.4759405193
C06103,O=C(O)CCCCCO,54,6,OCCCCCC(O)=O,0,-24.7725700702,-24.7725700702
C00193,O=Cc1ccccc1,40,7,O=Cc1ccccc1,0,-17.5417743776,-17.5417743776
C05394,O=C1[C@@H](O)[C@H](O)O[C@H](CO)[C@@H]1O,70,6,OC[C@H]1O[C@@H](O)[C@H](O)C(=O)[C@H]1O,0,-33.8784705782,-33.8784705782
C11434,C[C@](O)(CO)[C@H](O)COP(=O)(O)O,80,5,C[C@](O)(CO)[C@H](O)COP(O)(O)=O,0,-38.4028047699,-38.4028047699
C00025,N[C@@H](CCC(=O)O)C(=O)O,58,5,[NH3+][C@@H](CCC(O)=O)C(O)=O,1,-27.750961702,-27.750961702
C04280,N=C(N)N[C@H]1[C@H](O)[C@@H](O)[C@H](O)[C@@H](O)[C@@H]1O,88,7,NC(=[NH2+])N[C@@H]1[C@@H](O)[C@H](O)[C@@H](O)[C@H](O)[C@H]1O,1,-41.5650183547,-41.5650183547
C01267,O=C(COP(=O)(O)O)Cc1c[nH]cn1,78,6,OP(O)(=O)OCC(=O)Cc1c[nH]c[nH+]1,1,-36.9065175604,-36.9065175604
C18351,Nc1ccc(O)c(O)c1,48,6,[NH3+]c1ccc(O)c(O)c1,1,-22.0386282421,-22.0386282421
C05345,O=P(O)(O)OC[C@H]1O[C@](O)(CO)[C@@H](O)[C@@H]1O,96,6,OC[C@@]1(O)O[C@H](COP(O)(O)=O)[C@@H](O)[C@@H]1O,0,-46.7166785041,-46.7166785041
C00273,O=C(CO)[C@@H](O)[C@H](O)C(=O)CO,70,6,OCC(=O)[C@@H](O)[C@H](O)C(=O)CO,0,-33.8912565442,-33.8912565442
C18653,Cc1cc([N+](=O)[O-])cc([N+](=O)[O-])c1O,74,7,Cc1cc(cc(c1O)[N+]([O-])=O)[N+]([O-])=O,0,-35.3727113948,-35.3727113948
C03736,O=P(O)(O)OC[C@H]1O[C@H](O)[C@H](O)[C@@H]1O,84,5,O[C@H]1O[C@H](COP(O)(O)=O)[C@@H](O)[C@H]1O,0,-40.9399738232,-40.9399738232
C01108,Oc1cccc(O)c1O,48,6,Oc1cccc(O)c1O,0,-22.4661536989,-22.4661536989
C16994,C[N+](C)(C)C[C@H](O)[C@@H](O)C(=O)[O-],72,7,C[N+](C)(C)C[C@H](O)[C@@H](O)C(O)=O,1,-33.4269831299,-33.4269831299
C02020,OC1CCCC1,36,5,OC1CCCC1,0,-15.6608870481,-15.6608870481
C16159,O=CC(CCC(=O)O)C(=O)O,62,6,OC(=O)CCC(C=O)C(O)=O,0,-29.8718159176,-29.8718159176
C18620,O=C(O)c1ncccc1O,52,6,OC(=O)c1[nH+]cccc1[O-],0,-24.4828411837,-24.4828411837
C03167,O=CCP(=O)(O)O,42,2,OP(O)(=O)CC=O,0,-20.3017906937,-20.3017906937
C05130,O=CCc1c[nH]cn1,42,5,O=CCc1c[nH]c[nH+]1,1,-19.0543526226,-19.0543526226
C02183,Oc1cc(O)cc(O)c1,48,6,Oc1cc(O)cc(O)c1,0,-22.4796873976,-22.4796873976
C17206,O=Cc1c[nH]c(=O)[nH]c1=O,52,5,O=CC1=CNC(=O)NC1=O,0,-24.8094840521,-24.8094840521
C00111,O=C(CO)COP(=O)(O)O,60,3,OCC(=O)COP(O)(O)=O,0,-29.3844486276,-29.3844486276
C03467,CC(C)C(=O)CC(=O)O,52,6,CC(C)C(=O)CC(O)=O,0,-24.0064648981,-24.0064648981
C11638,NCC(=O)COP(=O)(O)O,60,3,[NH3+]CC(=O)COP(O)(O)=O,1,-28.9598455241,-28.9598455241
C00117,O=P(O)(O)OC[C@H]1OC(O)[C@H](O)[C@@H]1O,84,5,OC1O[C@H](COP(O)(O)=O)[C@@H](O)[C@H]1O,0,-40.949578469,-40.949578469
C02912,C[C@@H](O)CO,32,3,C[C@@H](O)CO,0,-14.7751573776,-14.7751573776
C00514,O=C(O)[C@@H](O)[C@@H](O)[C@H](O)[C@H](O)CO,78,6,OC[C@@H](O)[C@@H](O)[C@H](O)[C@H](O)C(O)=O,0,-37.9917754388,-37.9917754388
C00441,N[C@@H](CC=O)C(=O)O,46,4,[NH3+][C@@H](CC=O)C(O)=O,1,-21.9297297382,-21.9297297382
C05979,CCCO,26,3,CCCO,0,-11.476371904,-11.476371904
C06108,O=C(O)CF,30,2,OC(=O)CF,0,-15.551956586,-15.551956586
C06679,O=Cc1ccc(S(=O)(=O)O)cc1,64,7,[O-]S(=O)(=O)c1ccc(C=O)cc1,-1,-29.6057229227,-29.6057229227
C02420,CC(C)C#N,28,4,CC(C)C#N,0,-11.8976580388,-11.8976580388
C01110,NCCCC(=O)C(=O)O,52,5,[NH3+]CCCC(=O)C(O)=O,1,-24.3982534819,-24.3982534819
C06755,O=C(O)CCl,30,2,OC(=O)CCl,0,-14.3664900625,-14.3664900625
C05601,O=C(O)CCC(O)CC(=O)C(=O)O,74,7,OC(CCC(O)=O)CC(=O)C(O)=O,0,-35.6556813716,-35.6556813716
C06762,CCC(O)CC(=O)C(=O)O,58,6,CCC(O)CC(=O)C(O)=O,0,-27.3090271956,-27.3090271956
C02895,O=P(O)(O)OC[C@@H](O)[C@H](O)[C@@H](O)CO,86,5,OC[C@H](O)[C@@H](O)[C@H](O)COP(O)(O)=O,0,-41.7005124343,-41.7005124343
C03508,CC(=O)[C@H](N)C(=O)O,46,4,CC(=O)[C@H]([NH3+])C(O)=O,1,-21.9370439299,-21.9370439299
C03980,N[C@H]1C[C@@H](N)[C@H](O)[C@@H](O)[C@@H]1OP(=O)(O)O,90,6,[NH3+][C@@H]1C[C@H]([NH3+])[C@@H](OP(O)(O)=O)[C@H](O)[C@H]1O,2,-42.4513832304,-42.4513832304
C00474,OC[C@H](O)[C@H](O)[C@H](O)CO,62,5,OC[C@H](O)[C@H](O)[C@H](O)CO,0,-29.6363297003,-29.6363297003
C16432,CC1=N[C@H](C(=O)O)[C@@H](O)CN1,62,6,CC1=[NH+][C@@H]([C@@H](O)CN1)C(O)=O,1,-28.9314465718,-28.9314465718
C11149,O=C(O)C(Cl)Cl,36,2,OC(=O)C(Cl)Cl,0,-17.1466943001,-17.1466943001
C06102,O=CCCCCC(=O)O,52,6,OC(=O)CCCCC=O,0,-23.9991485433,-23.9991485433
C01097,O=P(O)(O)OC[C@H]1OC(O)(CO)[C@@H](O)[C@H]1O,96,6,OCC1(O)O[C@H](COP(O)(O)=O)[C@H](O)[C@@H]1O,0,-46.7223872321,-46.7223872321
C00993,C[C@@H](N)C(=O)N[C@H](C)C(=O)O,64,6,C[C@@H]([NH3+])C(=O)N[C@H](C)C(O)=O,1,-29.6904391338,-29.6904391338
C14219,Oc1ccccc1Cl,42,6,Oc1ccccc1Cl,0,-18.6405989493,-18.6405989493
C11822,N[C@@H](C=O)C(=O)O,40,3,[NH3+][C@@H](C=O)C(O)=O,1,-19.4315262067,-19.4315262067
C00349,CC(C=O)C(=O)O,40,4,CC(C=O)C(O)=O,0,-19.0580444804,-19.0580444804
C12121,N[C@@H]1CC(C(=O)O)=C[C@@H](O)[C@H]1O,68,7,[NH3+][C@@H]1CC(=C[C@@H](O)[C@H]1O)C(O)=O,1,-31.8983107701,-31.8983107701
C02266,O=C1OC[C@@H](O)[C@H](O)[C@H]1O,58,5,O[C@@H]1COC(=O)[C@H](O)[C@H]1O,0,-28.1187234715,-28.1187234715
C18319,CCC(C)C(=O)O,42,5,CCC(C)C(O)=O,0,-19.0024411899,-19.0024411899
C00275,O=P(O)(O)OC[C@H]1OC(O)[C@@H](O)[C@@H](O)[C@@H]1O,96,6,OC1O[C@H](COP(O)(O)=O)[C@@H](O)[C@H](O)[C@@H]1O,0,-46.7199208952,-46.7199208952
C00803,CCCCC(=O)O,42,5,CCCCC(O)=O,0,-19.0014012862,-19.0014012862
C00846,O=C(O)CCC(=O)CC(=O)O,62,6,OC(=O)CCC(=O)CC(O)=O,0,-29.8698211657,-29.8698211657
C00691,O=C1[C@@H](O)[C@H](O)[C@@H](O)[C@H](O)[C@H]1O,70,6,O[C@H]1[C@H](O)[C@@H](O)C(=O)[C@@H](O)[C@@H]1O,0,-33.8948467883,-33.8948467883
C02714,CC(=O)NCCCCN,54,6,CC(=O)NCCCC[NH3+],1,-23.7904288063,-23.7904288063
C01149,C[N+](C)(C)CCCC=O,54,7,C[N+](C)(C)CCCC=O,1,-23.467411815,-23.467411815
C00739,NCCCC[C@@H](N)C(=O)O,60,6,[NH3+]CCCC[C@@H]([NH3+])C(O)=O,2,-27.1311415293,-27.1311415293
C01799,CCC[C@@H](N)C(=O)O,48,5,CCC[C@@H]([NH3+])C(O)=O,1,-21.8671016874,-21.8671016874
C03342,O=C(O)C(=O)[C@@H](O)[C@@H](O)[C@H](O)CO,76,6,OC[C@@H](O)[C@H](O)[C@H](O)C(=O)C(O)=O,0,-37.207153294,-37.207153294
C02022,O=C(CO)[C@H](O)CO,48,4,OC[C@@H](O)C(=O)CO,0,-23.0961948748,-23.0961948748
C00673,O=P(O)(O)OC[C@H]1OC(O)C[C@@H]1O,78,5,OC1C[C@H](O)[C@@H](COP(O)(O)=O)O1,0,-37.6412402897,-37.6412402897
C00246,CCCC(=O)O,36,4,CCCC(O)=O,0,-16.5197149155,-16.5197149155
C00148,O=C(O)[C@@H]1CCCN1,46,5,OC(=O)[C@@H]1CCC[NH2+]1,1,-21.1075045737,-21.1075045737
C11150,O=C(O)C(Cl)(Cl)Cl,42,2,OC(=O)C(Cl)(Cl)Cl,0,-19.9372370166,-19.9372370166
C19321,Nc1cc([N+](=O)[O-])ccc1O,58,6,[NH3+]c1cc(ccc1O)[N+]([O-])=O,1,-27.2397272168,-27.2397272168
C19679,O=CC(=O)[C@@H](O)[C@H](O)[C@@H](O)CO,70,6,OC[C@H](O)[C@@H](O)[C@H](O)C(=O)C=O,0,-33.8736046204,-33.8736046204
C01751,Oc1cccc(O)c1,42,6,Oc1cccc(O)c1,0,-19.1610797312,-19.1610797312
C00245,NCCS(=O)(=O)O,44,2,[NH3+]CCS([O-])(=O)=O,0,-20.7479069297,-20.7479069297
C01380,OCCO,26,2,OCCO,0,-12.2974756201,-12.2974756201
C05145,CC(CN)C(=O)O,42,4,CC(C[NH3+])C(O)=O,1,-19.4112150981,-19.4112150981
C03752,N[C@@H](C(=O)O)[C@@H](O)[C@H](O)[C@H](O)CO,78,6,[NH3+][C@H]([C@@H](O)[C@H](O)[C@H](O)CO)C(O)=O,1,-37.5759330144,-37.5759330144
C06142,CCCCO,32,4,CCCCO,0,-13.9501334832,-13.9501334832
C11476,O=C[C@H](O)[C@@H](O)[C@@H](O)CO,60,5,OC[C@H](O)[C@H](O)[C@@H](O)C=O,0,-28.8661145078,-28.8661145078
C17714,CCCCCCC(=O)O,54,7,CCCCCCC(O)=O,0,-23.9482115906,-23.9482115906
C03604,O=C(CO)[C@H](O)COP(=O)(O)O,72,4,OCC(=O)[C@H](O)COP(O)(O)=O,0,-35.1488555818,-35.1488555818
C00204,O=C(O)C(=O)C[C@H](O)[C@H](O)CO,70,6,OC[C@@H](O)[C@@H](O)CC(=O)C(O)=O,0,-33.9124280704,-33.9124280704
C16843,OC[C@H]1NC[C@H](O)[C@@H](O)[C@@H]1O,66,6,OC[C@H]1[NH2+]C[C@H](O)[C@@H](O)[C@@H]1O,1,-30.932895315,-30.932895315
C18028,C[C@@H]1OC(=O)[C@@H](O)[C@H](O)[C@@H]1O,64,6,C[C@@H]1OC(=O)[C@@H](O)[C@H](O)[C@@H]1O,0,-30.594838552,-30.594838552
C17146,N=C(N)NCCCCO,54,5,NC(=[NH2+])NCCCCO,1,-24.1423938588,-24.1423938588
C00261,O=Cc1ccccc1,40,7,O=Cc1ccccc1,0,-17.5417726643,-17.5417726643
C02220,N/C(=C/C=C\C(=O)O)C(=O)O,60,6,[NH3+]\\C(=C\\C=C/C(O)=O)C([O-])=O,0,-28.5120741338,-28.5120741338
C04421,N[C@@H](CCC[C@H](NC(=O)CCC(=O)O)C(=O)O)C(=O)O,114,11,[NH3+][C@@H](CCC[C@H](NC(=O)CCC(O)=O)C(O)=O)C(O)=O,1,-53.7929272211,-53.7929272211
C00628,O=C(O)c1cc(O)ccc1O,58,7,OC(=O)c1cc(O)ccc1O,0,-27.5108891855,-27.5108891855
C00740,N[C@H](CO)C(=O)O,42,3,[NH3+][C@H](CO)C(O)=O,1,-20.2165139873,-20.2165139873
C06145,C#CCC=O,26,4,O=CCC#C,0,-11.5878154071,-11.5878154071
C00402,N[C@H](CC(=O)O)C(=O)O,52,4,[NH3+][C@H](CC(O)=O)C(O)=O,1,-25.2643323761,-25.2643323761
C00037,NCC(=O)O,30,2,[NH3+]CC(O)=O,1,-14.4258740439,-14.4258740439
C03365,CO[C@@H]1[C@@H](O)[C@H](O)[C@H](O)[C@H](O)[C@H]1O,78,7,CO[C@@H]1[C@@H](O)[C@H](O)[C@H](O)[C@H](O)[C@H]1O,0,-37.1150702682,-37.1150702682
C00149,O=C(O)C[C@H](O)C(=O)O,52,4,O[C@@H](CC(O)=O)C(O)=O,0,-25.7025276179,-25.7025276179
C08349,N[C@H]1[C@H](O)O[C@H](CO)[C@@H](O)[C@@H]1O,72,6,[NH3+][C@H]1[C@H](O)O[C@H](CO)[C@@H](O)[C@@H]1O,1,-34.2322909473,-34.2322909473
C01412,CCCC=O,30,4,CCCC=O,0,-13.1858237576,-13.1858237576
C05942,O=C(O)c1ccc[nH]1,42,5,OC(=O)c1ccc[nH]1,0,-19.4790797771,-19.4790797771
C06451,O=P(O)(O)CCO,44,2,OCCP(O)(O)=O,0,-21.0707492211,-21.0707492211
C00957,O=C(O)C(=O)CS,40,3,OC(=O)C(=O)CS,0,-18.9988063376,-18.9988063376
C17385,COc1ccc([N+](=O)[O-])cc1O,64,7,COc1ccc(cc1O)[N+]([O-])=O,0,-30.1428606419,-30.1428606419
C00969,O=CCCO,30,3,OCCC=O,0,-14.0084794204,-14.0084794204
C00587,O=C(O)c1cccc(O)c1,52,7,OC(=O)c1cccc(O)c1,0,-24.2006631439,-24.2006631439
C06614,O=C(O)/C=C/Cl,34,3,OC(=O)\\C=C\\Cl,0,-16.0525894913,-16.0525894913
C00048,O=CC(=O)O,28,2,OC(=O)C=O,0,-14.0974286987,-14.0974286987
C02095,C[C@H]1O[C@@H](O)[C@H](O)[C@@H](O)[C@H]1O,66,6,C[C@H]1O[C@@H](O)[C@H](O)[C@@H](O)[C@H]1O,0,-31.3477592166,-31.3477592166
C00508,OCC1(O)OC[C@H](O)[C@@H]1O,60,5,OCC1(O)OC[C@H](O)[C@@H]1O,0,-28.8684133956,-28.8684133956
C02991,C[C@H](O)[C@@H]1OC(=O)[C@H](O)[C@@H]1O,64,6,C[C@H](O)[C@@H]1OC(=O)[C@H](O)[C@@H]1O,0,-30.6090434603,-30.6090434603
C00819,NC(=O)CC[C@@H](N)C(=O)O,58,5,NC(=O)CC[C@@H]([NH3+])C(O)=O,1,-27.2011076353,-27.2011076353
C00099,NCCC(=O)O,36,3,[NH3+]CCC(O)=O,1,-16.9341582322,-16.9341582322
C00430,NCC(=O)CCC(=O)O,52,5,[NH3+]CC(=O)CCC(O)=O,1,-24.4105623841,-24.4105623841
C12518,O=CCCCC=O,40,5,O=CCCCC=O,0,-18.1918197813,-18.1918197813
C02800,O=CC(=O)CCC(=O)O,50,5,OC(=O)CCC(=O)C=O,0,-24.0594580951,-24.0594580951
C02479,O[C@H]1CO[C@H](O)[C@H](O)[C@H]1O,60,5,O[C@H]1CO[C@H](O)[C@H](O)[C@H]1O,0,-28.8736699898,-28.8736699898
C16742,NC[C@@H](O)CC[C@H](N)C(=O)O,66,6,[NH3+]C[C@@H](O)CC[C@H]([NH3+])C(O)=O,2,-30.4376602518,-30.4376602518
C00534,Cc1ncc(CO)c(CN)c1O,66,8,Cc1[nH+]cc(CO)c(C[NH3+])c1[O-],1,-29.8014771533,-29.8014771533
C11537,O=C(O)[C@@H](O)CS(=O)(=O)O,60,3,O[C@@H](CS([O-])(=O)=O)C(O)=O,-1,-29.4304947001,-29.4304947001
C03505,CC(=O)COP(=O)(O)O,54,3,CC(=O)COP(O)(O)=O,0,-26.0818538497,-26.0818538497
C00583,CC(O)CO,32,3,CC(O)CO,0,-14.7775437365,-14.7775437365
C05127,Cn1cnc(CCN)c1,50,6,Cn1c[nH+]c(CC[NH3+])c1,2,-21.7558962875,-21.7558962875
C06612,OC/C=C\Cl,30,3,OC\\C=C/Cl,0,-13.4754034016,-13.4754034016
C01510,OC[C@@H]1OC(O)[C@@H](O)[C@@H]1O,60,5,OC[C@@H]1OC(O)[C@@H](O)[C@@H]1O,0,-28.8713042752,-28.8713042752
C04175,O=P(O)(O)OC[C@H]1O[C@H](OP(=O)(O)O)C[C@@H]1O,102,5,O[C@H]1C[C@@H](OP(O)(O)=O)O[C@@H]1COP(O)(O)=O,0,-49.6996243225,-49.6996243225
C03557,NCCP(=O)(O)O,44,2,[NH3+]CCP(O)(O)=O,1,-20.6377662088,-20.6377662088
C03194,C[C@@H](O)CN,32,3,C[C@@H](O)C[NH3+],1,-14.3625840994,-14.3625840994
C06677,Cc1ccc(S(=O)(=O)O)cc1,60,7,Cc1ccc(cc1)S([O-])(=O)=O,-1,-27.0590896568,-27.0590896568
C02627,N[C@H]1C[C@@H](N)[C@H](O)[C@@H](O)[C@@H]1O,66,6,[NH3+][C@H]1C[C@@H]([NH3+])[C@H](O)[C@@H](O)[C@@H]1O,2,-30.3971442167,-30.3971442167
C11488,CN(C=O)CO,36,3,CN(CO)C=O,0,-16.7927006452,-16.7927006452
C00747,c1ccncc1,30,5,c1cc[nH+]cc1,1,-12.9540719481,-12.9540719481
C01880,O=C1CCCCCO1,46,6,O=C1CCCCCO1,0,-20.6939859313,-20.6939859313
C06892,O=C(O)C[C@@H](O)[C@H](O)C(=O)CO,70,6,OCC(=O)[C@@H](O)[C@H](O)CC(O)=O,0,-33.9218847621,-33.9218847621
C06674,O=S(=O)(O)c1ccc(O)c(O)c1,66,6,Oc1ccc(cc1O)S([O-])(=O)=O,-1,-31.2072959549,-31.2072959549
C02132,CC(=O)CC(=O)C(=O)O,50,5,CC(=O)CC(=O)C(O)=O,0,-24.0740383933,-24.0740383933
C15478,C[C@H]1OC(O)[C@H](N)[C@@H](O)[C@H]1O,66,6,C[C@H]1OC(O)[C@H]([NH3+])[C@@H](O)[C@H]1O,1,-30.9322313953,-30.9322313953
C00571,NC1CCCCC1,42,6,[NH3+]C1CCCCC1,1,-17.722128806,-17.722128806
C01005,N[C@@H](COP(=O)(O)O)C(=O)O,66,3,[NH3+][C@@H](COP(O)(O)=O)C(O)=O,1,-32.2824871215,-32.2824871215
C00292,Nc1ccccc1,36,6,[NH3+]c1ccccc1,1,-15.4060068264,-15.4060068264
C03912,O=C(O)[C@@H]1CCC=N1,44,5,OC(=O)[C@@H]1CCC=[NH+]1,1,-20.3320440893,-20.3320440893
C02640,CC(C)CCN,38,5,CC(C)CC[NH3+],1,-15.9995641947,-15.9995641947
C00121,OC[C@H]1OC(O)[C@H](O)[C@@H]1O,60,5,OC[C@H]1OC(O)[C@H](O)[C@@H]1O,0,-28.8729731385,-28.8729731385
C01127,O=C(O)C(=O)CC(O)C(=O)O,62,5,OC(CC(=O)C(O)=O)C(O)=O,0,-30.7064625231,-30.7064625231
C05678,NCC(O)P(=O)(O)O,50,2,[NH3+]CC(O)P(O)(O)=O,1,-23.9386970888,-23.9386970888
C02723,CNCCCCN,44,5,C[NH2+]CCCC[NH3+],2,-18.7744754177,-18.7744754177
C01250,CC(=O)N[C@@H](CCC=O)C(=O)O,68,7,CC(=O)N[C@@H](CCC=O)C(O)=O,0,-31.8082818126,-31.8082818126
C00902,CCCCC(=O)C(=O)O,52,6,CCCCC(=O)C(O)=O,0,-24.0050813453,-24.0050813453
C00123,CC(C)C[C@H](N)C(=O)O,54,6,CC(C)C[C@H]([NH3+])C(O)=O,1,-24.3504434321,-24.3504434321
C00727,Cc1cc(O)cc(O)c1,48,7,Cc1cc(O)cc(O)c1,0,-21.6404767207,-21.6404767207
C00079,N[C@@H](Cc1ccccc1)C(=O)O,64,9,[NH3+][C@@H](Cc1ccccc1)C(O)=O,1,-28.6926907794,-28.6926907794
C04687,O=C(O)[C@H]1CC[C@H](O)[C@H](O)C1,64,7,O[C@H]1CC[C@@H](C[C@H]1O)C(O)=O,0,-29.7974501674,-29.7974501674
C16485,Oc1ccc(F)cc1,42,6,Oc1ccc(F)cc1,0,-19.834629526,-19.834629526
C03241,O=C1CCCCC(O)O1,52,6,OC1CCCCC(=O)O1,0,-24.0081188156,-24.0081188156
C18170,CC(=O)NCCC=O,46,5,CC(=O)NCCC=O,0,-20.9830385403,-20.9830385403
C06615,O=C(O)/C=C\Cl,34,3,OC(=O)\\C=C/Cl,0,-16.0569347802,-16.0569347802
C06311,O=P(O)(O)OC[C@@H](O)[C@H](O)[C@H](O)[C@@H](O)CO,98,6,OC[C@H](O)[C@@H](O)[C@@H](O)[C@H](O)COP(O)(O)=O,0,-47.4792895204,-47.4792895204
C00431,NCCCCC(=O)O,48,5,[NH3+]CCCCC(O)=O,1,-21.8681604074,-21.8681604074
C16356,Cn1c(=O)[nH]c2[nH]c(=O)n(C)c2c1=O,74,7,CN1C(=O)NC2=C1C(=O)N(C)C(=O)N2,0,-34.559977741,-34.559977741
C07329,CC(C)CC=O,36,5,CC(C)CC=O,0,-15.659881964,-15.659881964
C00183,CC(C)[C@H](N)C(=O)O,48,5,CC(C)[C@H]([NH3+])C(O)=O,1,-21.8687878133,-21.8687878133
C14866,O=CC(Cl)(Cl)Cl,36,2,ClC(Cl)(Cl)C=O,0,-16.5887026794,-16.5887026794
C19246,O=CC1CO1,28,3,O=CC1CO1,0,-13.1989904827,-13.1989904827
C00479,CCC=O,24,3,CCC=O,0,-10.7118959588,-10.7118959588
C11496,C[C@@H](O)CSCCS(=O)(=O)O,68,5,C[C@@H](O)CSCCS([O-])(=O)=O,-1,-30.8969524313,-30.8969524313
C00216,OC1OC[C@@H](O)[C@@H](O)[C@@H]1O,60,5,O[C@@H]1COC(O)[C@@H](O)[C@@H]1O,0,-28.875143115,-28.875143115
C06384,NC(=O)NCO,36,2,NC(=O)NCO,0,-17.1179172643,-17.1179172643
C01569,OC[C@H](O)C(O)(CO)CO,62,5,OC[C@H](O)C(O)(CO)CO,0,-29.6424163753,-29.6424163753
C00633,O=Cc1ccc(O)cc1,46,7,Oc1ccc(C=O)cc1,0,-20.8612551014,-20.8612551014
C14463,CC[C@@](C)(O)C(=O)C(=O)O,58,6,CC[C@@](C)(O)C(=O)C(O)=O,0,-27.3064443405,-27.3064443405
C00568,Nc1ccc(C(=O)O)cc1,52,7,[NH3+]c1ccc(cc1)C(O)=O,1,-23.7565847193,-23.7565847193
C03656,C[C@H](N)CC(=O)CC(=O)O,58,6,C[C@H]([NH3+])CC(=O)CC(O)=O,1,-26.9135722215,-26.9135722215
C03067,O=Cc1cccc(O)c1,46,7,Oc1cccc(C=O)c1,0,-20.8589482768,-20.8589482768
C00047,NCCCC[C@H](N)C(=O)O,60,6,[NH3+]CCCC[C@H]([NH3+])C(O)=O,2,-27.1311404667,-27.1311404667
